"species","cultivar","yday","year","split","ncal","location","loc.year"
"Almond","Achaak",33,2007,"Calibration","full","Santomera","Santomera.2007"
"Almond","Achaak",31,1998,"Calibration","full","Santomera","Santomera.1998"
"Almond","Achaak",22,2012,"Calibration","full","Santomera","Santomera.2012"
"Almond","Achaak",31,2011,"Calibration","full","Santomera","Santomera.2011"
"Almond","Achaak",26,2017,"Calibration","full","Santomera","Santomera.2017"
"Almond","Achaak",28,2019,"Calibration","full","Santomera","Santomera.2019"
"Almond","Achaak",30,2006,"Calibration","full","Santomera","Santomera.2006"
"Almond","Achaak",28,1997,"Calibration","full","Santomera","Santomera.1997"
"Almond","Achaak",18,2013,"Calibration","full","Santomera","Santomera.2013"
"Almond","Achaak",29,2018,"Calibration","full","Santomera","Santomera.2018"
"Almond","Desmayo",20,2020,"Calibration","full","Santomera","Santomera.2020"
"Almond","Desmayo",31,1998,"Calibration","full","Santomera","Santomera.1998"
"Almond","Desmayo",36,2007,"Calibration","full","Santomera","Santomera.2007"
"Almond","Desmayo",28,2016,"Calibration","full","Santomera","Santomera.2016"
"Almond","Desmayo",31,2011,"Calibration","full","Santomera","Santomera.2011"
"Almond","Desmayo",30,2012,"Calibration","full","Santomera","Santomera.2012"
"Almond","Desmayo",21,2013,"Calibration","full","Santomera","Santomera.2013"
"Almond","Desmayo",34,2006,"Calibration","full","Santomera","Santomera.2006"
"Almond","Desmayo",31,2019,"Calibration","full","Santomera","Santomera.2019"
"Almond","Desmayo",29,2018,"Calibration","full","Santomera","Santomera.2018"
"Almond","Desmayo",30,2005,"Calibration","full","Santomera","Santomera.2005"
"Almond","Desmayo",36,2003,"Calibration","full","Santomera","Santomera.2003"
"Almond","Desmayo",40,2010,"Calibration","full","Santomera","Santomera.2010"
"Almond","Desmayo",24,2014,"Calibration","full","Santomera","Santomera.2014"
"Almond","Desmayo",22,2004,"Calibration","full","Santomera","Santomera.2004"
"Almond","Fasciuneddu",76,2013,"Calibration","full","Sfax","Sfax.2013"
"Almond","Fasciuneddu",49,1982,"Calibration","full","Sfax","Sfax.1982"
"Almond","Fasciuneddu",54,1993,"Calibration","full","Sfax","Sfax.1993"
"Almond","Fasciuneddu",64,2005,"Calibration","full","Sfax","Sfax.2005"
"Almond","Fasciuneddu",42,1999,"Calibration","full","Sfax","Sfax.1999"
"Almond","Fasciuneddu",51,2001,"Calibration","full","Sfax","Sfax.2001"
"Almond","Fasciuneddu",46,2002,"Calibration","full","Sfax","Sfax.2002"
"Almond","Fasciuneddu",42,1992,"Calibration","full","Sfax","Sfax.1992"
"Almond","Fasciuneddu",42,2015,"Calibration","full","Sfax","Sfax.2015"
"Almond","Fasciuneddu",51,2006,"Calibration","full","Sfax","Sfax.2006"
"Almond","Fasciuneddu",47,1991,"Calibration","full","Sfax","Sfax.1991"
"Almond","Fasciuneddu",49,1986,"Calibration","full","Sfax","Sfax.1986"
"Almond","Fasciuneddu",46,1998,"Calibration","full","Sfax","Sfax.1998"
"Almond","Fasciuneddu",45,1996,"Calibration","full","Sfax","Sfax.1996"
"Almond","Fasciuneddu",44,2008,"Calibration","full","Sfax","Sfax.2008"
"Almond","Fasciuneddu",41,2014,"Calibration","full","Sfax","Sfax.2014"
"Almond","Ferragnes",57,1978,"Calibration","full","Meknes","Meknes.1978"
"Almond","Ferragnes",55,1992,"Calibration","full","Meknes","Meknes.1992"
"Almond","Ferragnes",64,1998,"Calibration","full","Meknes","Meknes.1998"
"Almond","Ferragnes",61,1988,"Calibration","full","Meknes","Meknes.1988"
"Almond","Ferragnes",62,2008,"Calibration","full","Meknes","Meknes.2008"
"Almond","Ferragnes",69,1985,"Calibration","full","Meknes","Meknes.1985"
"Almond","Ferragnes",63,2011,"Calibration","full","Meknes","Meknes.2011"
"Almond","Ferragnes",68,1986,"Calibration","full","Meknes","Meknes.1986"
"Almond","Ferragnes",59,2002,"Calibration","full","Meknes","Meknes.2002"
"Almond","Ferragnes",61,1997,"Calibration","full","Meknes","Meknes.1997"
"Almond","Ferragnes",62,2004,"Calibration","full","Meknes","Meknes.2004"
"Almond","Ferragnes",59,1979,"Calibration","full","Meknes","Meknes.1979"
"Almond","Ferragnes",76,1984,"Calibration","full","Meknes","Meknes.1984"
"Almond","Ferragnes",69,1999,"Calibration","full","Meknes","Meknes.1999"
"Almond","Ferragnes",60,1991,"Calibration","full","Meknes","Meknes.1991"
"Almond","Ferragnes",63,1993,"Calibration","full","Meknes","Meknes.1993"
"Almond","Ferragnes",61,1994,"Calibration","full","Meknes","Meknes.1994"
"Almond","Ferragnes",72,2012,"Calibration","full","Meknes","Meknes.2012"
"Almond","Ferragnes",69,2007,"Calibration","full","Meknes","Meknes.2007"
"Almond","Ferragnes",61,2003,"Calibration","full","Meknes","Meknes.2003"
"Almond","Ferragnes",61,1989,"Calibration","full","Meknes","Meknes.1989"
"Almond","Ferragnes",61,2014,"Calibration","full","Meknes","Meknes.2014"
"Almond","Ferragnes",61,1990,"Calibration","full","Meknes","Meknes.1990"
"Almond","Ferragnes",64,2010,"Calibration","full","Meknes","Meknes.2010"
"Almond","Ferragnes",60,1982,"Calibration","full","Meknes","Meknes.1982"
"Almond","Ferragnes",60,2005,"Calibration","full","Meknes","Meknes.2005"
"Almond","Ferragnes",61,1983,"Calibration","full","Meknes","Meknes.1983"
"Almond","Ferragnes",63,1996,"Calibration","full","Meknes","Meknes.1996"
"Almond","Marcona",41,1978,"Calibration","full","Meknes","Meknes.1978"
"Almond","Marcona",46,1992,"Calibration","full","Meknes","Meknes.1992"
"Almond","Marcona",59,1998,"Calibration","full","Meknes","Meknes.1998"
"Almond","Marcona",46,1988,"Calibration","full","Meknes","Meknes.1988"
"Almond","Marcona",43,2008,"Calibration","full","Meknes","Meknes.2008"
"Almond","Marcona",53,1985,"Calibration","full","Meknes","Meknes.1985"
"Almond","Marcona",46,2011,"Calibration","full","Meknes","Meknes.2011"
"Almond","Marcona",60,1986,"Calibration","full","Meknes","Meknes.1986"
"Almond","Marcona",41,2002,"Calibration","full","Meknes","Meknes.2002"
"Almond","Marcona",56,1997,"Calibration","full","Meknes","Meknes.1997"
"Almond","Marcona",46,2004,"Calibration","full","Meknes","Meknes.2004"
"Almond","Marcona",43,1979,"Calibration","full","Meknes","Meknes.1979"
"Almond","Marcona",64,1984,"Calibration","full","Meknes","Meknes.1984"
"Almond","Marcona",64,1999,"Calibration","full","Meknes","Meknes.1999"
"Almond","Marcona",51,1991,"Calibration","full","Meknes","Meknes.1991"
"Almond","Marcona",63,1993,"Calibration","full","Meknes","Meknes.1993"
"Almond","Marcona",60,1994,"Calibration","full","Meknes","Meknes.1994"
"Almond","Marcona",51,2012,"Calibration","full","Meknes","Meknes.2012"
"Almond","Marcona",56,2007,"Calibration","full","Meknes","Meknes.2007"
"Almond","Marcona",43,2003,"Calibration","full","Meknes","Meknes.2003"
"Almond","Marcona",53,1989,"Calibration","full","Meknes","Meknes.1989"
"Almond","Marcona",47,2014,"Calibration","full","Meknes","Meknes.2014"
"Almond","Marcona",51,1990,"Calibration","full","Meknes","Meknes.1990"
"Almond","Marcona",48,2010,"Calibration","full","Meknes","Meknes.2010"
"Almond","Marcona",49,1982,"Calibration","full","Meknes","Meknes.1982"
"Almond","Marcona",44,2005,"Calibration","full","Meknes","Meknes.2005"
"Almond","Marcona",50,1983,"Calibration","full","Meknes","Meknes.1983"
"Almond","Marcona",62,1996,"Calibration","full","Meknes","Meknes.1996"
"Almond","Marta",40,2008,"Calibration","full","Santomera","Santomera.2008"
"Almond","Marta",56,2006,"Calibration","full","Santomera","Santomera.2006"
"Almond","Marta",50,2011,"Calibration","full","Santomera","Santomera.2011"
"Almond","Marta",51,2018,"Calibration","full","Santomera","Santomera.2018"
"Almond","Marta",58,2010,"Calibration","full","Santomera","Santomera.2010"
"Almond","Marta",56,2019,"Calibration","full","Santomera","Santomera.2019"
"Almond","Marta",41,2021,"Calibration","full","Santomera","Santomera.2021"
"Almond","Marta",48,2007,"Calibration","full","Santomera","Santomera.2007"
"Almond","Marta",57,2005,"Calibration","full","Santomera","Santomera.2005"
"Almond","Marta",62,2012,"Calibration","full","Santomera","Santomera.2012"
"Almond","Mazzetto",80,2013,"Calibration","full","Sfax","Sfax.2013"
"Almond","Mazzetto",67,1982,"Calibration","full","Sfax","Sfax.1982"
"Almond","Mazzetto",75,1993,"Calibration","full","Sfax","Sfax.1993"
"Almond","Mazzetto",78,2005,"Calibration","full","Sfax","Sfax.2005"
"Almond","Mazzetto",60,1999,"Calibration","full","Sfax","Sfax.1999"
"Almond","Mazzetto",66,2001,"Calibration","full","Sfax","Sfax.2001"
"Almond","Mazzetto",61,2002,"Calibration","full","Sfax","Sfax.2002"
"Almond","Mazzetto",57,1992,"Calibration","full","Sfax","Sfax.1992"
"Almond","Mazzetto",63,2015,"Calibration","full","Sfax","Sfax.2015"
"Almond","Mazzetto",65,2006,"Calibration","full","Sfax","Sfax.2006"
"Almond","Mazzetto",64,1991,"Calibration","full","Sfax","Sfax.1991"
"Almond","Mazzetto",63,1986,"Calibration","full","Sfax","Sfax.1986"
"Almond","Mazzetto",70,1998,"Calibration","full","Sfax","Sfax.1998"
"Almond","Mazzetto",73,1996,"Calibration","full","Sfax","Sfax.1996"
"Almond","Mazzetto",61,2008,"Calibration","full","Sfax","Sfax.2008"
"Almond","Mazzetto",57,2014,"Calibration","full","Sfax","Sfax.2014"
"Almond","Nonpareil",76,2013,"Calibration","full","Sfax","Sfax.2013"
"Almond","Nonpareil",65,1982,"Calibration","full","Sfax","Sfax.1982"
"Almond","Nonpareil",73,1993,"Calibration","full","Sfax","Sfax.1993"
"Almond","Nonpareil",78,2005,"Calibration","full","Sfax","Sfax.2005"
"Almond","Nonpareil",57,1999,"Calibration","full","Sfax","Sfax.1999"
"Almond","Nonpareil",62,2001,"Calibration","full","Sfax","Sfax.2001"
"Almond","Nonpareil",60,2002,"Calibration","full","Sfax","Sfax.2002"
"Almond","Nonpareil",62,1992,"Calibration","full","Sfax","Sfax.1992"
"Almond","Nonpareil",43,2014,"Calibration","full","Sfax","Sfax.2014"
"Almond","Nonpareil",59,2008,"Calibration","full","Sfax","Sfax.2008"
"Almond","Nonpareil",60,1991,"Calibration","full","Sfax","Sfax.1991"
"Almond","Nonpareil",56,1986,"Calibration","full","Sfax","Sfax.1986"
"Almond","Nonpareil",58,1998,"Calibration","full","Sfax","Sfax.1998"
"Almond","Nonpareil",53,1996,"Calibration","full","Sfax","Sfax.1996"
"Almond","Nonpareil",67,2012,"Calibration","full","Sfax","Sfax.2012"
"Almond","Nonpareil",65,2016,"Calibration","full","Sfax","Sfax.2016"
"Almond","Nonpareil",52,1987,"Calibration","full","Sfax","Sfax.1987"
"Almond","Tuono",56,1975,"Calibration","full","Meknes","Meknes.1975"
"Almond","Tuono",58,2012,"Calibration","full","Meknes","Meknes.2012"
"Almond","Tuono",62,1989,"Calibration","full","Meknes","Meknes.1989"
"Almond","Tuono",64,1995,"Calibration","full","Meknes","Meknes.1995"
"Almond","Tuono",56,1985,"Calibration","full","Meknes","Meknes.1985"
"Almond","Tuono",59,2005,"Calibration","full","Meknes","Meknes.2005"
"Almond","Tuono",61,1982,"Calibration","full","Meknes","Meknes.1982"
"Almond","Tuono",64,1983,"Calibration","full","Meknes","Meknes.1983"
"Almond","Tuono",73,1999,"Calibration","full","Meknes","Meknes.1999"
"Almond","Tuono",63,1994,"Calibration","full","Meknes","Meknes.1994"
"Almond","Tuono",59,2001,"Calibration","full","Meknes","Meknes.2001"
"Almond","Tuono",65,1976,"Calibration","full","Meknes","Meknes.1976"
"Almond","Tuono",59,1981,"Calibration","full","Meknes","Meknes.1981"
"Almond","Tuono",66,1996,"Calibration","full","Meknes","Meknes.1996"
"Almond","Tuono",62,1988,"Calibration","full","Meknes","Meknes.1988"
"Almond","Tuono",65,1990,"Calibration","full","Meknes","Meknes.1990"
"Almond","Tuono",65,1991,"Calibration","full","Meknes","Meknes.1991"
"Almond","Tuono",62,2003,"Calibration","full","Meknes","Meknes.2003"
"Almond","Tuono",63,2011,"Calibration","full","Meknes","Meknes.2011"
"Almond","Tuono",62,2008,"Calibration","full","Meknes","Meknes.2008"
"Almond","Tuono",56,2000,"Calibration","full","Meknes","Meknes.2000"
"Almond","Tuono",65,1986,"Calibration","full","Meknes","Meknes.1986"
"Almond","Tuono",60,2006,"Calibration","full","Meknes","Meknes.2006"
"Almond","Tuono",60,1987,"Calibration","full","Meknes","Meknes.1987"
"Almond","Tuono",52,1980,"Calibration","full","Meknes","Meknes.1980"
"Almond","Tuono",69,1998,"Calibration","full","Meknes","Meknes.1998"
"Almond","Tuono",60,2010,"Calibration","full","Meknes","Meknes.2010"
"Almond","Tuono",60,2002,"Calibration","full","Meknes","Meknes.2002"
"Almond","Tuono",63,1997,"Calibration","full","Meknes","Meknes.1997"
"Almond","Tuono",78,1984,"Calibration","full","Meknes","Meknes.1984"
"Almond","Achaak",33,2007,"Calibration","scarce","Santomera","Santomera.2007"
"Almond","Achaak",31,1998,"Calibration","scarce","Santomera","Santomera.1998"
"Almond","Achaak",22,2012,"Calibration","scarce","Santomera","Santomera.2012"
"Almond","Achaak",31,2011,"Calibration","scarce","Santomera","Santomera.2011"
"Almond","Achaak",26,2017,"Calibration","scarce","Santomera","Santomera.2017"
"Almond","Achaak",28,2019,"Calibration","scarce","Santomera","Santomera.2019"
"Almond","Achaak",30,2006,"Calibration","scarce","Santomera","Santomera.2006"
"Almond","Achaak",28,1997,"Calibration","scarce","Santomera","Santomera.1997"
"Almond","Achaak",18,2013,"Calibration","scarce","Santomera","Santomera.2013"
"Almond","Achaak",29,2018,"Calibration","scarce","Santomera","Santomera.2018"
"Almond","Desmayo",20,2020,"Calibration","scarce","Santomera","Santomera.2020"
"Almond","Desmayo",31,1998,"Calibration","scarce","Santomera","Santomera.1998"
"Almond","Desmayo",36,2007,"Calibration","scarce","Santomera","Santomera.2007"
"Almond","Desmayo",28,2016,"Calibration","scarce","Santomera","Santomera.2016"
"Almond","Desmayo",31,2011,"Calibration","scarce","Santomera","Santomera.2011"
"Almond","Desmayo",30,2012,"Calibration","scarce","Santomera","Santomera.2012"
"Almond","Desmayo",21,2013,"Calibration","scarce","Santomera","Santomera.2013"
"Almond","Desmayo",34,2006,"Calibration","scarce","Santomera","Santomera.2006"
"Almond","Desmayo",31,2019,"Calibration","scarce","Santomera","Santomera.2019"
"Almond","Desmayo",29,2018,"Calibration","scarce","Santomera","Santomera.2018"
"Almond","Fasciuneddu",76,2013,"Calibration","scarce","Sfax","Sfax.2013"
"Almond","Fasciuneddu",49,1982,"Calibration","scarce","Sfax","Sfax.1982"
"Almond","Fasciuneddu",54,1993,"Calibration","scarce","Sfax","Sfax.1993"
"Almond","Fasciuneddu",64,2005,"Calibration","scarce","Sfax","Sfax.2005"
"Almond","Fasciuneddu",42,1999,"Calibration","scarce","Sfax","Sfax.1999"
"Almond","Fasciuneddu",51,2001,"Calibration","scarce","Sfax","Sfax.2001"
"Almond","Fasciuneddu",46,2002,"Calibration","scarce","Sfax","Sfax.2002"
"Almond","Fasciuneddu",42,1992,"Calibration","scarce","Sfax","Sfax.1992"
"Almond","Fasciuneddu",42,2015,"Calibration","scarce","Sfax","Sfax.2015"
"Almond","Fasciuneddu",51,2006,"Calibration","scarce","Sfax","Sfax.2006"
"Almond","Ferragnes",57,1978,"Calibration","scarce","Meknes","Meknes.1978"
"Almond","Ferragnes",55,1992,"Calibration","scarce","Meknes","Meknes.1992"
"Almond","Ferragnes",64,1998,"Calibration","scarce","Meknes","Meknes.1998"
"Almond","Ferragnes",61,1988,"Calibration","scarce","Meknes","Meknes.1988"
"Almond","Ferragnes",62,2008,"Calibration","scarce","Meknes","Meknes.2008"
"Almond","Ferragnes",69,1985,"Calibration","scarce","Meknes","Meknes.1985"
"Almond","Ferragnes",63,2011,"Calibration","scarce","Meknes","Meknes.2011"
"Almond","Ferragnes",68,1986,"Calibration","scarce","Meknes","Meknes.1986"
"Almond","Ferragnes",59,2002,"Calibration","scarce","Meknes","Meknes.2002"
"Almond","Ferragnes",61,1997,"Calibration","scarce","Meknes","Meknes.1997"
"Almond","Marcona",41,1978,"Calibration","scarce","Meknes","Meknes.1978"
"Almond","Marcona",46,1992,"Calibration","scarce","Meknes","Meknes.1992"
"Almond","Marcona",59,1998,"Calibration","scarce","Meknes","Meknes.1998"
"Almond","Marcona",46,1988,"Calibration","scarce","Meknes","Meknes.1988"
"Almond","Marcona",43,2008,"Calibration","scarce","Meknes","Meknes.2008"
"Almond","Marcona",53,1985,"Calibration","scarce","Meknes","Meknes.1985"
"Almond","Marcona",46,2011,"Calibration","scarce","Meknes","Meknes.2011"
"Almond","Marcona",60,1986,"Calibration","scarce","Meknes","Meknes.1986"
"Almond","Marcona",41,2002,"Calibration","scarce","Meknes","Meknes.2002"
"Almond","Marcona",56,1997,"Calibration","scarce","Meknes","Meknes.1997"
"Almond","Marta",40,2008,"Calibration","scarce","Santomera","Santomera.2008"
"Almond","Marta",56,2006,"Calibration","scarce","Santomera","Santomera.2006"
"Almond","Marta",50,2011,"Calibration","scarce","Santomera","Santomera.2011"
"Almond","Marta",51,2018,"Calibration","scarce","Santomera","Santomera.2018"
"Almond","Marta",58,2010,"Calibration","scarce","Santomera","Santomera.2010"
"Almond","Marta",56,2019,"Calibration","scarce","Santomera","Santomera.2019"
"Almond","Marta",41,2021,"Calibration","scarce","Santomera","Santomera.2021"
"Almond","Marta",48,2007,"Calibration","scarce","Santomera","Santomera.2007"
"Almond","Marta",57,2005,"Calibration","scarce","Santomera","Santomera.2005"
"Almond","Marta",62,2012,"Calibration","scarce","Santomera","Santomera.2012"
"Almond","Mazzetto",80,2013,"Calibration","scarce","Sfax","Sfax.2013"
"Almond","Mazzetto",67,1982,"Calibration","scarce","Sfax","Sfax.1982"
"Almond","Mazzetto",75,1993,"Calibration","scarce","Sfax","Sfax.1993"
"Almond","Mazzetto",78,2005,"Calibration","scarce","Sfax","Sfax.2005"
"Almond","Mazzetto",60,1999,"Calibration","scarce","Sfax","Sfax.1999"
"Almond","Mazzetto",66,2001,"Calibration","scarce","Sfax","Sfax.2001"
"Almond","Mazzetto",61,2002,"Calibration","scarce","Sfax","Sfax.2002"
"Almond","Mazzetto",57,1992,"Calibration","scarce","Sfax","Sfax.1992"
"Almond","Mazzetto",63,2015,"Calibration","scarce","Sfax","Sfax.2015"
"Almond","Mazzetto",65,2006,"Calibration","scarce","Sfax","Sfax.2006"
"Almond","Nonpareil",76,2013,"Calibration","scarce","Sfax","Sfax.2013"
"Almond","Nonpareil",65,1982,"Calibration","scarce","Sfax","Sfax.1982"
"Almond","Nonpareil",73,1993,"Calibration","scarce","Sfax","Sfax.1993"
"Almond","Nonpareil",78,2005,"Calibration","scarce","Sfax","Sfax.2005"
"Almond","Nonpareil",57,1999,"Calibration","scarce","Sfax","Sfax.1999"
"Almond","Nonpareil",62,2001,"Calibration","scarce","Sfax","Sfax.2001"
"Almond","Nonpareil",60,2002,"Calibration","scarce","Sfax","Sfax.2002"
"Almond","Nonpareil",62,1992,"Calibration","scarce","Sfax","Sfax.1992"
"Almond","Nonpareil",43,2014,"Calibration","scarce","Sfax","Sfax.2014"
"Almond","Nonpareil",59,2008,"Calibration","scarce","Sfax","Sfax.2008"
"Almond","Tuono",56,1975,"Calibration","scarce","Meknes","Meknes.1975"
"Almond","Tuono",58,2012,"Calibration","scarce","Meknes","Meknes.2012"
"Almond","Tuono",62,1989,"Calibration","scarce","Meknes","Meknes.1989"
"Almond","Tuono",64,1995,"Calibration","scarce","Meknes","Meknes.1995"
"Almond","Tuono",56,1985,"Calibration","scarce","Meknes","Meknes.1985"
"Almond","Tuono",59,2005,"Calibration","scarce","Meknes","Meknes.2005"
"Almond","Tuono",61,1982,"Calibration","scarce","Meknes","Meknes.1982"
"Almond","Tuono",64,1983,"Calibration","scarce","Meknes","Meknes.1983"
"Almond","Tuono",73,1999,"Calibration","scarce","Meknes","Meknes.1999"
"Almond","Tuono",63,1994,"Calibration","scarce","Meknes","Meknes.1994"
"Almond","Achaak",22,2008,"Validation","scarce","Santomera","Santomera.2008"
"Almond","Achaak",18,2014,"Validation","scarce","Santomera","Santomera.2014"
"Almond","Achaak",33,2015,"Validation","scarce","Santomera","Santomera.2015"
"Almond","Desmayo",22,1997,"Validation","scarce","Santomera","Santomera.1997"
"Almond","Desmayo",36,2003,"Validation","scarce","Santomera","Santomera.2003"
"Almond","Desmayo",22,2004,"Validation","scarce","Santomera","Santomera.2004"
"Almond","Desmayo",30,2005,"Validation","scarce","Santomera","Santomera.2005"
"Almond","Desmayo",22,2008,"Validation","scarce","Santomera","Santomera.2008"
"Almond","Desmayo",26,2009,"Validation","scarce","Santomera","Santomera.2009"
"Almond","Desmayo",40,2010,"Validation","scarce","Santomera","Santomera.2010"
"Almond","Desmayo",24,2014,"Validation","scarce","Santomera","Santomera.2014"
"Almond","Desmayo",38,2015,"Validation","scarce","Santomera","Santomera.2015"
"Almond","Desmayo",30,2017,"Validation","scarce","Santomera","Santomera.2017"
"Almond","Desmayo",15,2022,"Validation","scarce","Santomera","Santomera.2022"
"Almond","Fasciuneddu",59,1981,"Validation","scarce","Sfax","Sfax.1981"
"Almond","Fasciuneddu",49,1986,"Validation","scarce","Sfax","Sfax.1986"
"Almond","Fasciuneddu",40,1987,"Validation","scarce","Sfax","Sfax.1987"
"Almond","Fasciuneddu",47,1991,"Validation","scarce","Sfax","Sfax.1991"
"Almond","Fasciuneddu",54,1995,"Validation","scarce","Sfax","Sfax.1995"
"Almond","Fasciuneddu",45,1996,"Validation","scarce","Sfax","Sfax.1996"
"Almond","Fasciuneddu",46,1998,"Validation","scarce","Sfax","Sfax.1998"
"Almond","Fasciuneddu",50,2003,"Validation","scarce","Sfax","Sfax.2003"
"Almond","Fasciuneddu",47,2004,"Validation","scarce","Sfax","Sfax.2004"
"Almond","Fasciuneddu",44,2008,"Validation","scarce","Sfax","Sfax.2008"
"Almond","Fasciuneddu",73,2012,"Validation","scarce","Sfax","Sfax.2012"
"Almond","Fasciuneddu",41,2014,"Validation","scarce","Sfax","Sfax.2014"
"Almond","Ferragnes",57,1977,"Validation","scarce","Meknes","Meknes.1977"
"Almond","Ferragnes",59,1979,"Validation","scarce","Meknes","Meknes.1979"
"Almond","Ferragnes",59,1980,"Validation","scarce","Meknes","Meknes.1980"
"Almond","Ferragnes",60,1981,"Validation","scarce","Meknes","Meknes.1981"
"Almond","Ferragnes",60,1982,"Validation","scarce","Meknes","Meknes.1982"
"Almond","Ferragnes",61,1983,"Validation","scarce","Meknes","Meknes.1983"
"Almond","Ferragnes",76,1984,"Validation","scarce","Meknes","Meknes.1984"
"Almond","Ferragnes",63,1987,"Validation","scarce","Meknes","Meknes.1987"
"Almond","Ferragnes",61,1989,"Validation","scarce","Meknes","Meknes.1989"
"Almond","Ferragnes",61,1990,"Validation","scarce","Meknes","Meknes.1990"
"Almond","Ferragnes",60,1991,"Validation","scarce","Meknes","Meknes.1991"
"Almond","Ferragnes",63,1993,"Validation","scarce","Meknes","Meknes.1993"
"Almond","Ferragnes",61,1994,"Validation","scarce","Meknes","Meknes.1994"
"Almond","Ferragnes",62,1995,"Validation","scarce","Meknes","Meknes.1995"
"Almond","Ferragnes",63,1996,"Validation","scarce","Meknes","Meknes.1996"
"Almond","Ferragnes",69,1999,"Validation","scarce","Meknes","Meknes.1999"
"Almond","Ferragnes",52,2000,"Validation","scarce","Meknes","Meknes.2000"
"Almond","Ferragnes",58,2001,"Validation","scarce","Meknes","Meknes.2001"
"Almond","Ferragnes",61,2003,"Validation","scarce","Meknes","Meknes.2003"
"Almond","Ferragnes",62,2004,"Validation","scarce","Meknes","Meknes.2004"
"Almond","Ferragnes",60,2005,"Validation","scarce","Meknes","Meknes.2005"
"Almond","Ferragnes",63,2006,"Validation","scarce","Meknes","Meknes.2006"
"Almond","Ferragnes",69,2007,"Validation","scarce","Meknes","Meknes.2007"
"Almond","Ferragnes",55,2009,"Validation","scarce","Meknes","Meknes.2009"
"Almond","Ferragnes",64,2010,"Validation","scarce","Meknes","Meknes.2010"
"Almond","Ferragnes",72,2012,"Validation","scarce","Meknes","Meknes.2012"
"Almond","Ferragnes",62,2013,"Validation","scarce","Meknes","Meknes.2013"
"Almond","Ferragnes",61,2014,"Validation","scarce","Meknes","Meknes.2014"
"Almond","Marcona",41,1977,"Validation","scarce","Meknes","Meknes.1977"
"Almond","Marcona",43,1979,"Validation","scarce","Meknes","Meknes.1979"
"Almond","Marcona",45,1980,"Validation","scarce","Meknes","Meknes.1980"
"Almond","Marcona",48,1981,"Validation","scarce","Meknes","Meknes.1981"
"Almond","Marcona",49,1982,"Validation","scarce","Meknes","Meknes.1982"
"Almond","Marcona",50,1983,"Validation","scarce","Meknes","Meknes.1983"
"Almond","Marcona",64,1984,"Validation","scarce","Meknes","Meknes.1984"
"Almond","Marcona",56,1987,"Validation","scarce","Meknes","Meknes.1987"
"Almond","Marcona",53,1989,"Validation","scarce","Meknes","Meknes.1989"
"Almond","Marcona",51,1990,"Validation","scarce","Meknes","Meknes.1990"
"Almond","Marcona",51,1991,"Validation","scarce","Meknes","Meknes.1991"
"Almond","Marcona",63,1993,"Validation","scarce","Meknes","Meknes.1993"
"Almond","Marcona",60,1994,"Validation","scarce","Meknes","Meknes.1994"
"Almond","Marcona",61,1995,"Validation","scarce","Meknes","Meknes.1995"
"Almond","Marcona",62,1996,"Validation","scarce","Meknes","Meknes.1996"
"Almond","Marcona",64,1999,"Validation","scarce","Meknes","Meknes.1999"
"Almond","Marcona",38,2000,"Validation","scarce","Meknes","Meknes.2000"
"Almond","Marcona",36,2001,"Validation","scarce","Meknes","Meknes.2001"
"Almond","Marcona",43,2003,"Validation","scarce","Meknes","Meknes.2003"
"Almond","Marcona",46,2004,"Validation","scarce","Meknes","Meknes.2004"
"Almond","Marcona",44,2005,"Validation","scarce","Meknes","Meknes.2005"
"Almond","Marcona",46,2006,"Validation","scarce","Meknes","Meknes.2006"
"Almond","Marcona",56,2007,"Validation","scarce","Meknes","Meknes.2007"
"Almond","Marcona",41,2009,"Validation","scarce","Meknes","Meknes.2009"
"Almond","Marcona",48,2010,"Validation","scarce","Meknes","Meknes.2010"
"Almond","Marcona",51,2012,"Validation","scarce","Meknes","Meknes.2012"
"Almond","Marcona",45,2013,"Validation","scarce","Meknes","Meknes.2013"
"Almond","Marcona",47,2014,"Validation","scarce","Meknes","Meknes.2014"
"Almond","Marta",43,2009,"Validation","scarce","Santomera","Santomera.2009"
"Almond","Marta",40,2013,"Validation","scarce","Santomera","Santomera.2013"
"Almond","Marta",58,2015,"Validation","scarce","Santomera","Santomera.2015"
"Almond","Marta",41,2020,"Validation","scarce","Santomera","Santomera.2020"
"Almond","Mazzetto",68,1981,"Validation","scarce","Sfax","Sfax.1981"
"Almond","Mazzetto",63,1986,"Validation","scarce","Sfax","Sfax.1986"
"Almond","Mazzetto",57,1987,"Validation","scarce","Sfax","Sfax.1987"
"Almond","Mazzetto",64,1991,"Validation","scarce","Sfax","Sfax.1991"
"Almond","Mazzetto",60,1995,"Validation","scarce","Sfax","Sfax.1995"
"Almond","Mazzetto",73,1996,"Validation","scarce","Sfax","Sfax.1996"
"Almond","Mazzetto",70,1998,"Validation","scarce","Sfax","Sfax.1998"
"Almond","Mazzetto",77,2003,"Validation","scarce","Sfax","Sfax.2003"
"Almond","Mazzetto",62,2004,"Validation","scarce","Sfax","Sfax.2004"
"Almond","Mazzetto",61,2008,"Validation","scarce","Sfax","Sfax.2008"
"Almond","Mazzetto",78,2012,"Validation","scarce","Sfax","Sfax.2012"
"Almond","Mazzetto",57,2014,"Validation","scarce","Sfax","Sfax.2014"
"Almond","Nonpareil",64,1981,"Validation","scarce","Sfax","Sfax.1981"
"Almond","Nonpareil",56,1986,"Validation","scarce","Sfax","Sfax.1986"
"Almond","Nonpareil",52,1987,"Validation","scarce","Sfax","Sfax.1987"
"Almond","Nonpareil",60,1991,"Validation","scarce","Sfax","Sfax.1991"
"Almond","Nonpareil",54,1995,"Validation","scarce","Sfax","Sfax.1995"
"Almond","Nonpareil",53,1996,"Validation","scarce","Sfax","Sfax.1996"
"Almond","Nonpareil",58,1998,"Validation","scarce","Sfax","Sfax.1998"
"Almond","Nonpareil",77,2003,"Validation","scarce","Sfax","Sfax.2003"
"Almond","Nonpareil",55,2004,"Validation","scarce","Sfax","Sfax.2004"
"Almond","Nonpareil",60,2006,"Validation","scarce","Sfax","Sfax.2006"
"Almond","Nonpareil",67,2012,"Validation","scarce","Sfax","Sfax.2012"
"Almond","Nonpareil",46,2015,"Validation","scarce","Sfax","Sfax.2015"
"Almond","Nonpareil",65,2016,"Validation","scarce","Sfax","Sfax.2016"
"Almond","Tuono",59,1974,"Validation","scarce","Meknes","Meknes.1974"
"Almond","Tuono",65,1976,"Validation","scarce","Meknes","Meknes.1976"
"Almond","Tuono",56,1977,"Validation","scarce","Meknes","Meknes.1977"
"Almond","Tuono",59,1978,"Validation","scarce","Meknes","Meknes.1978"
"Almond","Tuono",58,1979,"Validation","scarce","Meknes","Meknes.1979"
"Almond","Tuono",52,1980,"Validation","scarce","Meknes","Meknes.1980"
"Almond","Tuono",59,1981,"Validation","scarce","Meknes","Meknes.1981"
"Almond","Tuono",78,1984,"Validation","scarce","Meknes","Meknes.1984"
"Almond","Tuono",65,1986,"Validation","scarce","Meknes","Meknes.1986"
"Almond","Tuono",60,1987,"Validation","scarce","Meknes","Meknes.1987"
"Almond","Tuono",62,1988,"Validation","scarce","Meknes","Meknes.1988"
"Almond","Tuono",65,1990,"Validation","scarce","Meknes","Meknes.1990"
"Almond","Tuono",65,1991,"Validation","scarce","Meknes","Meknes.1991"
"Almond","Tuono",55,1992,"Validation","scarce","Meknes","Meknes.1992"
"Almond","Tuono",66,1993,"Validation","scarce","Meknes","Meknes.1993"
"Almond","Tuono",66,1996,"Validation","scarce","Meknes","Meknes.1996"
"Almond","Tuono",63,1997,"Validation","scarce","Meknes","Meknes.1997"
"Almond","Tuono",69,1998,"Validation","scarce","Meknes","Meknes.1998"
"Almond","Tuono",56,2000,"Validation","scarce","Meknes","Meknes.2000"
"Almond","Tuono",59,2001,"Validation","scarce","Meknes","Meknes.2001"
"Almond","Tuono",60,2002,"Validation","scarce","Meknes","Meknes.2002"
"Almond","Tuono",62,2003,"Validation","scarce","Meknes","Meknes.2003"
"Almond","Tuono",61,2004,"Validation","scarce","Meknes","Meknes.2004"
"Almond","Tuono",60,2006,"Validation","scarce","Meknes","Meknes.2006"
"Almond","Tuono",71,2007,"Validation","scarce","Meknes","Meknes.2007"
"Almond","Tuono",62,2008,"Validation","scarce","Meknes","Meknes.2008"
"Almond","Tuono",53,2009,"Validation","scarce","Meknes","Meknes.2009"
"Almond","Tuono",60,2010,"Validation","scarce","Meknes","Meknes.2010"
"Almond","Tuono",63,2011,"Validation","scarce","Meknes","Meknes.2011"
"Almond","Tuono",57,2013,"Validation","scarce","Meknes","Meknes.2013"
"Almond","Tuono",59,2014,"Validation","scarce","Meknes","Meknes.2014"
"Almond","Achaak",22,2008,"Validation","full","Santomera","Santomera.2008"
"Almond","Achaak",18,2014,"Validation","full","Santomera","Santomera.2014"
"Almond","Achaak",33,2015,"Validation","full","Santomera","Santomera.2015"
"Almond","Desmayo",22,1997,"Validation","full","Santomera","Santomera.1997"
"Almond","Desmayo",22,2008,"Validation","full","Santomera","Santomera.2008"
"Almond","Desmayo",26,2009,"Validation","full","Santomera","Santomera.2009"
"Almond","Desmayo",38,2015,"Validation","full","Santomera","Santomera.2015"
"Almond","Desmayo",30,2017,"Validation","full","Santomera","Santomera.2017"
"Almond","Desmayo",15,2022,"Validation","full","Santomera","Santomera.2022"
"Almond","Fasciuneddu",59,1981,"Validation","full","Sfax","Sfax.1981"
"Almond","Fasciuneddu",40,1987,"Validation","full","Sfax","Sfax.1987"
"Almond","Fasciuneddu",54,1995,"Validation","full","Sfax","Sfax.1995"
"Almond","Fasciuneddu",50,2003,"Validation","full","Sfax","Sfax.2003"
"Almond","Fasciuneddu",47,2004,"Validation","full","Sfax","Sfax.2004"
"Almond","Fasciuneddu",73,2012,"Validation","full","Sfax","Sfax.2012"
"Almond","Ferragnes",57,1977,"Validation","full","Meknes","Meknes.1977"
"Almond","Ferragnes",59,1980,"Validation","full","Meknes","Meknes.1980"
"Almond","Ferragnes",60,1981,"Validation","full","Meknes","Meknes.1981"
"Almond","Ferragnes",63,1987,"Validation","full","Meknes","Meknes.1987"
"Almond","Ferragnes",62,1995,"Validation","full","Meknes","Meknes.1995"
"Almond","Ferragnes",52,2000,"Validation","full","Meknes","Meknes.2000"
"Almond","Ferragnes",58,2001,"Validation","full","Meknes","Meknes.2001"
"Almond","Ferragnes",63,2006,"Validation","full","Meknes","Meknes.2006"
"Almond","Ferragnes",55,2009,"Validation","full","Meknes","Meknes.2009"
"Almond","Ferragnes",62,2013,"Validation","full","Meknes","Meknes.2013"
"Almond","Marcona",41,1977,"Validation","full","Meknes","Meknes.1977"
"Almond","Marcona",45,1980,"Validation","full","Meknes","Meknes.1980"
"Almond","Marcona",48,1981,"Validation","full","Meknes","Meknes.1981"
"Almond","Marcona",56,1987,"Validation","full","Meknes","Meknes.1987"
"Almond","Marcona",61,1995,"Validation","full","Meknes","Meknes.1995"
"Almond","Marcona",38,2000,"Validation","full","Meknes","Meknes.2000"
"Almond","Marcona",36,2001,"Validation","full","Meknes","Meknes.2001"
"Almond","Marcona",46,2006,"Validation","full","Meknes","Meknes.2006"
"Almond","Marcona",41,2009,"Validation","full","Meknes","Meknes.2009"
"Almond","Marcona",45,2013,"Validation","full","Meknes","Meknes.2013"
"Almond","Marta",43,2009,"Validation","full","Santomera","Santomera.2009"
"Almond","Marta",40,2013,"Validation","full","Santomera","Santomera.2013"
"Almond","Marta",58,2015,"Validation","full","Santomera","Santomera.2015"
"Almond","Marta",41,2020,"Validation","full","Santomera","Santomera.2020"
"Almond","Mazzetto",68,1981,"Validation","full","Sfax","Sfax.1981"
"Almond","Mazzetto",57,1987,"Validation","full","Sfax","Sfax.1987"
"Almond","Mazzetto",60,1995,"Validation","full","Sfax","Sfax.1995"
"Almond","Mazzetto",77,2003,"Validation","full","Sfax","Sfax.2003"
"Almond","Mazzetto",62,2004,"Validation","full","Sfax","Sfax.2004"
"Almond","Mazzetto",78,2012,"Validation","full","Sfax","Sfax.2012"
"Almond","Nonpareil",64,1981,"Validation","full","Sfax","Sfax.1981"
"Almond","Nonpareil",54,1995,"Validation","full","Sfax","Sfax.1995"
"Almond","Nonpareil",77,2003,"Validation","full","Sfax","Sfax.2003"
"Almond","Nonpareil",55,2004,"Validation","full","Sfax","Sfax.2004"
"Almond","Nonpareil",60,2006,"Validation","full","Sfax","Sfax.2006"
"Almond","Nonpareil",46,2015,"Validation","full","Sfax","Sfax.2015"
"Almond","Tuono",59,1974,"Validation","full","Meknes","Meknes.1974"
"Almond","Tuono",56,1977,"Validation","full","Meknes","Meknes.1977"
"Almond","Tuono",59,1978,"Validation","full","Meknes","Meknes.1978"
"Almond","Tuono",58,1979,"Validation","full","Meknes","Meknes.1979"
"Almond","Tuono",55,1992,"Validation","full","Meknes","Meknes.1992"
"Almond","Tuono",66,1993,"Validation","full","Meknes","Meknes.1993"
"Almond","Tuono",61,2004,"Validation","full","Meknes","Meknes.2004"
"Almond","Tuono",71,2007,"Validation","full","Meknes","Meknes.2007"
"Almond","Tuono",53,2009,"Validation","full","Meknes","Meknes.2009"
"Almond","Tuono",57,2013,"Validation","full","Meknes","Meknes.2013"
"Almond","Tuono",59,2014,"Validation","full","Meknes","Meknes.2014"
"Apricot","Henderson",73,2006,"Calibration","full","Zaragoza","Zaragoza.2006"
"Apricot","Henderson",75,2021,"Calibration","full","Zaragoza","Zaragoza.2021"
"Apricot","Henderson",67,2019,"Calibration","full","Zaragoza","Zaragoza.2019"
"Apricot","Henderson",75,2020,"Calibration","full","Zaragoza","Zaragoza.2020"
"Apricot","Henderson",76,2012,"Calibration","full","Zaragoza","Zaragoza.2012"
"Apricot","Henderson",68,1999,"Calibration","full","Zaragoza","Zaragoza.1999"
"Apricot","Henderson",83,2004,"Calibration","full","Zaragoza","Zaragoza.2004"
"Apricot","Henderson",77,2015,"Calibration","full","Zaragoza","Zaragoza.2015"
"Apricot","Henderson",74,2001,"Calibration","full","Zaragoza","Zaragoza.2001"
"Apricot","Henderson",76,2014,"Calibration","full","Zaragoza","Zaragoza.2014"
"Apricot","Henderson",60,2000,"Calibration","full","Zaragoza","Zaragoza.2000"
"Apricot","Henderson",84,2010,"Calibration","full","Zaragoza","Zaragoza.2010"
"Apricot","Henderson",78,2003,"Calibration","full","Zaragoza","Zaragoza.2003"
"Apricot","Henderson",80,2005,"Calibration","full","Zaragoza","Zaragoza.2005"
"Apricot","Henderson",61,2002,"Calibration","full","Zaragoza","Zaragoza.2002"
"Apricot","Henderson",77,2015,"Calibration","scarce","Zaragoza","Zaragoza.2015"
"Apricot","Henderson",67,2019,"Calibration","scarce","Zaragoza","Zaragoza.2019"
"Apricot","Henderson",75,2020,"Calibration","scarce","Zaragoza","Zaragoza.2020"
"Apricot","Henderson",84,2010,"Calibration","scarce","Zaragoza","Zaragoza.2010"
"Apricot","Henderson",75,2021,"Calibration","scarce","Zaragoza","Zaragoza.2021"
"Apricot","Henderson",60,2000,"Calibration","scarce","Zaragoza","Zaragoza.2000"
"Apricot","Henderson",74,2001,"Calibration","scarce","Zaragoza","Zaragoza.2001"
"Apricot","Henderson",68,1999,"Calibration","scarce","Zaragoza","Zaragoza.1999"
"Apricot","Henderson",76,2014,"Calibration","scarce","Zaragoza","Zaragoza.2014"
"Apricot","Henderson",83,2004,"Calibration","scarce","Zaragoza","Zaragoza.2004"
"Apricot","Henderson",70,2009,"Validation","full","Zaragoza","Zaragoza.2009"
"Apricot","Henderson",70,2011,"Validation","full","Zaragoza","Zaragoza.2011"
"Apricot","Henderson",82,2013,"Validation","full","Zaragoza","Zaragoza.2013"
"Apricot","Henderson",62,2016,"Validation","full","Zaragoza","Zaragoza.2016"
"Apricot","Henderson",62,2017,"Validation","full","Zaragoza","Zaragoza.2017"
"Apricot","Henderson",79,2018,"Validation","full","Zaragoza","Zaragoza.2018"
"Apricot","Henderson",61,2002,"Validation","scarce","Zaragoza","Zaragoza.2002"
"Apricot","Henderson",78,2003,"Validation","scarce","Zaragoza","Zaragoza.2003"
"Apricot","Henderson",80,2005,"Validation","scarce","Zaragoza","Zaragoza.2005"
"Apricot","Henderson",73,2006,"Validation","scarce","Zaragoza","Zaragoza.2006"
"Apricot","Henderson",70,2009,"Validation","scarce","Zaragoza","Zaragoza.2009"
"Apricot","Henderson",70,2011,"Validation","scarce","Zaragoza","Zaragoza.2011"
"Apricot","Henderson",76,2012,"Validation","scarce","Zaragoza","Zaragoza.2012"
"Apricot","Henderson",82,2013,"Validation","scarce","Zaragoza","Zaragoza.2013"
"Apricot","Henderson",62,2016,"Validation","scarce","Zaragoza","Zaragoza.2016"
"Apricot","Henderson",62,2017,"Validation","scarce","Zaragoza","Zaragoza.2017"
"Apricot","Henderson",79,2018,"Validation","scarce","Zaragoza","Zaragoza.2018"
"Apricot","Harcot",79,2004,"Calibration","full","Zaragoza","Zaragoza.2004"
"Apricot","Harcot",70,2013,"Calibration","full","Zaragoza","Zaragoza.2013"
"Apricot","Harcot",60,2000,"Calibration","full","Zaragoza","Zaragoza.2000"
"Apricot","Harcot",74,2012,"Calibration","full","Zaragoza","Zaragoza.2012"
"Apricot","Harcot",77,2005,"Calibration","full","Zaragoza","Zaragoza.2005"
"Apricot","Harcot",71,2003,"Calibration","full","Zaragoza","Zaragoza.2003"
"Apricot","Harcot",66,2001,"Calibration","full","Zaragoza","Zaragoza.2001"
"Apricot","Harcot",61,2022,"Calibration","full","Zaragoza","Zaragoza.2022"
"Apricot","Harcot",65,2011,"Calibration","full","Zaragoza","Zaragoza.2011"
"Apricot","Harcot",58,2016,"Calibration","full","Zaragoza","Zaragoza.2016"
"Apricot","Harcot",59,2002,"Calibration","full","Zaragoza","Zaragoza.2002"
"Apricot","Harcot",70,2018,"Calibration","full","Zaragoza","Zaragoza.2018"
"Apricot","Harcot",56,2020,"Calibration","full","Zaragoza","Zaragoza.2020"
"Apricot","Harcot",68,2009,"Calibration","full","Zaragoza","Zaragoza.2009"
"Apricot","Harcot",62,2014,"Calibration","full","Zaragoza","Zaragoza.2014"
"Apricot","Harcot",58,2017,"Calibration","full","Zaragoza","Zaragoza.2017"
"Apricot","Harcot",70,2013,"Calibration","scarce","Zaragoza","Zaragoza.2013"
"Apricot","Harcot",61,2022,"Calibration","scarce","Zaragoza","Zaragoza.2022"
"Apricot","Harcot",56,2020,"Calibration","scarce","Zaragoza","Zaragoza.2020"
"Apricot","Harcot",66,2001,"Calibration","scarce","Zaragoza","Zaragoza.2001"
"Apricot","Harcot",58,2016,"Calibration","scarce","Zaragoza","Zaragoza.2016"
"Apricot","Harcot",71,2003,"Calibration","scarce","Zaragoza","Zaragoza.2003"
"Apricot","Harcot",70,2018,"Calibration","scarce","Zaragoza","Zaragoza.2018"
"Apricot","Harcot",65,2011,"Calibration","scarce","Zaragoza","Zaragoza.2011"
"Apricot","Harcot",68,2009,"Calibration","scarce","Zaragoza","Zaragoza.2009"
"Apricot","Harcot",62,2014,"Calibration","scarce","Zaragoza","Zaragoza.2014"
"Apricot","Harcot",68,1999,"Validation","full","Zaragoza","Zaragoza.1999"
"Apricot","Harcot",70,2006,"Validation","full","Zaragoza","Zaragoza.2006"
"Apricot","Harcot",76,2010,"Validation","full","Zaragoza","Zaragoza.2010"
"Apricot","Harcot",72,2015,"Validation","full","Zaragoza","Zaragoza.2015"
"Apricot","Harcot",63,2019,"Validation","full","Zaragoza","Zaragoza.2019"
"Apricot","Harcot",55,2021,"Validation","full","Zaragoza","Zaragoza.2021"
"Apricot","Harcot",68,1999,"Validation","scarce","Zaragoza","Zaragoza.1999"
"Apricot","Harcot",60,2000,"Validation","scarce","Zaragoza","Zaragoza.2000"
"Apricot","Harcot",59,2002,"Validation","scarce","Zaragoza","Zaragoza.2002"
"Apricot","Harcot",79,2004,"Validation","scarce","Zaragoza","Zaragoza.2004"
"Apricot","Harcot",77,2005,"Validation","scarce","Zaragoza","Zaragoza.2005"
"Apricot","Harcot",70,2006,"Validation","scarce","Zaragoza","Zaragoza.2006"
"Apricot","Harcot",76,2010,"Validation","scarce","Zaragoza","Zaragoza.2010"
"Apricot","Harcot",74,2012,"Validation","scarce","Zaragoza","Zaragoza.2012"
"Apricot","Harcot",72,2015,"Validation","scarce","Zaragoza","Zaragoza.2015"
"Apricot","Harcot",58,2017,"Validation","scarce","Zaragoza","Zaragoza.2017"
"Apricot","Harcot",63,2019,"Validation","scarce","Zaragoza","Zaragoza.2019"
"Apricot","Harcot",55,2021,"Validation","scarce","Zaragoza","Zaragoza.2021"
"Apricot","Goldrich",73,2004,"Calibration","full","Zaragoza","Zaragoza.2004"
"Apricot","Goldrich",67,2018,"Calibration","full","Zaragoza","Zaragoza.2018"
"Apricot","Goldrich",69,2012,"Calibration","full","Zaragoza","Zaragoza.2012"
"Apricot","Goldrich",67,2006,"Calibration","full","Zaragoza","Zaragoza.2006"
"Apricot","Goldrich",71,2015,"Calibration","full","Zaragoza","Zaragoza.2015"
"Apricot","Goldrich",56,2014,"Calibration","full","Zaragoza","Zaragoza.2014"
"Apricot","Goldrich",66,2001,"Calibration","full","Zaragoza","Zaragoza.2001"
"Apricot","Goldrich",55,2016,"Calibration","full","Zaragoza","Zaragoza.2016"
"Apricot","Goldrich",58,2002,"Calibration","full","Zaragoza","Zaragoza.2002"
"Apricot","Goldrich",77,2005,"Calibration","full","Zaragoza","Zaragoza.2005"
"Apricot","Goldrich",62,1999,"Calibration","full","Zaragoza","Zaragoza.1999"
"Apricot","Goldrich",69,2013,"Calibration","full","Zaragoza","Zaragoza.2013"
"Apricot","Goldrich",67,2003,"Calibration","full","Zaragoza","Zaragoza.2003"
"Apricot","Goldrich",51,2021,"Calibration","full","Zaragoza","Zaragoza.2021"
"Apricot","Goldrich",55,2017,"Calibration","full","Zaragoza","Zaragoza.2017"
"Apricot","Goldrich",73,2004,"Calibration","scarce","Zaragoza","Zaragoza.2004"
"Apricot","Goldrich",56,2014,"Calibration","scarce","Zaragoza","Zaragoza.2014"
"Apricot","Goldrich",69,2013,"Calibration","scarce","Zaragoza","Zaragoza.2013"
"Apricot","Goldrich",55,2017,"Calibration","scarce","Zaragoza","Zaragoza.2017"
"Apricot","Goldrich",58,2002,"Calibration","scarce","Zaragoza","Zaragoza.2002"
"Apricot","Goldrich",51,2021,"Calibration","scarce","Zaragoza","Zaragoza.2021"
"Apricot","Goldrich",71,2015,"Calibration","scarce","Zaragoza","Zaragoza.2015"
"Apricot","Goldrich",69,2012,"Calibration","scarce","Zaragoza","Zaragoza.2012"
"Apricot","Goldrich",55,2016,"Calibration","scarce","Zaragoza","Zaragoza.2016"
"Apricot","Goldrich",77,2005,"Calibration","scarce","Zaragoza","Zaragoza.2005"
"Apricot","Goldrich",57,2000,"Validation","full","Zaragoza","Zaragoza.2000"
"Apricot","Goldrich",61,2009,"Validation","full","Zaragoza","Zaragoza.2009"
"Apricot","Goldrich",70,2010,"Validation","full","Zaragoza","Zaragoza.2010"
"Apricot","Goldrich",61,2011,"Validation","full","Zaragoza","Zaragoza.2011"
"Apricot","Goldrich",59,2019,"Validation","full","Zaragoza","Zaragoza.2019"
"Apricot","Goldrich",51,2020,"Validation","full","Zaragoza","Zaragoza.2020"
"Apricot","Goldrich",62,1999,"Validation","scarce","Zaragoza","Zaragoza.1999"
"Apricot","Goldrich",57,2000,"Validation","scarce","Zaragoza","Zaragoza.2000"
"Apricot","Goldrich",66,2001,"Validation","scarce","Zaragoza","Zaragoza.2001"
"Apricot","Goldrich",67,2003,"Validation","scarce","Zaragoza","Zaragoza.2003"
"Apricot","Goldrich",67,2006,"Validation","scarce","Zaragoza","Zaragoza.2006"
"Apricot","Goldrich",61,2009,"Validation","scarce","Zaragoza","Zaragoza.2009"
"Apricot","Goldrich",70,2010,"Validation","scarce","Zaragoza","Zaragoza.2010"
"Apricot","Goldrich",61,2011,"Validation","scarce","Zaragoza","Zaragoza.2011"
"Apricot","Goldrich",67,2018,"Validation","scarce","Zaragoza","Zaragoza.2018"
"Apricot","Goldrich",59,2019,"Validation","scarce","Zaragoza","Zaragoza.2019"
"Apricot","Goldrich",51,2020,"Validation","scarce","Zaragoza","Zaragoza.2020"
"Apricot","Sunglo",68,2009,"Calibration","full","Zaragoza","Zaragoza.2009"
"Apricot","Sunglo",85,2004,"Calibration","full","Zaragoza","Zaragoza.2004"
"Apricot","Sunglo",65,2019,"Calibration","full","Zaragoza","Zaragoza.2019"
"Apricot","Sunglo",79,2010,"Calibration","full","Zaragoza","Zaragoza.2010"
"Apricot","Sunglo",75,2012,"Calibration","full","Zaragoza","Zaragoza.2012"
"Apricot","Sunglo",62,2000,"Calibration","full","Zaragoza","Zaragoza.2000"
"Apricot","Sunglo",80,2005,"Calibration","full","Zaragoza","Zaragoza.2005"
"Apricot","Sunglo",72,1999,"Calibration","full","Zaragoza","Zaragoza.1999"
"Apricot","Sunglo",67,2022,"Calibration","full","Zaragoza","Zaragoza.2022"
"Apricot","Sunglo",70,2001,"Calibration","full","Zaragoza","Zaragoza.2001"
"Apricot","Sunglo",57,2020,"Calibration","full","Zaragoza","Zaragoza.2020"
"Apricot","Sunglo",70,2006,"Calibration","full","Zaragoza","Zaragoza.2006"
"Apricot","Sunglo",73,2013,"Calibration","full","Zaragoza","Zaragoza.2013"
"Apricot","Sunglo",75,2003,"Calibration","full","Zaragoza","Zaragoza.2003"
"Apricot","Sunglo",77,2015,"Calibration","full","Zaragoza","Zaragoza.2015"
"Apricot","Sunglo",79,2018,"Calibration","full","Zaragoza","Zaragoza.2018"
"Apricot","Sunglo",70,2006,"Calibration","scarce","Zaragoza","Zaragoza.2006"
"Apricot","Sunglo",85,2004,"Calibration","scarce","Zaragoza","Zaragoza.2004"
"Apricot","Sunglo",75,2003,"Calibration","scarce","Zaragoza","Zaragoza.2003"
"Apricot","Sunglo",77,2015,"Calibration","scarce","Zaragoza","Zaragoza.2015"
"Apricot","Sunglo",70,2001,"Calibration","scarce","Zaragoza","Zaragoza.2001"
"Apricot","Sunglo",72,1999,"Calibration","scarce","Zaragoza","Zaragoza.1999"
"Apricot","Sunglo",65,2019,"Calibration","scarce","Zaragoza","Zaragoza.2019"
"Apricot","Sunglo",62,2000,"Calibration","scarce","Zaragoza","Zaragoza.2000"
"Apricot","Sunglo",68,2009,"Calibration","scarce","Zaragoza","Zaragoza.2009"
"Apricot","Sunglo",79,2018,"Calibration","scarce","Zaragoza","Zaragoza.2018"
"Apricot","Sunglo",63,2002,"Validation","full","Zaragoza","Zaragoza.2002"
"Apricot","Sunglo",69,2011,"Validation","full","Zaragoza","Zaragoza.2011"
"Apricot","Sunglo",75,2014,"Validation","full","Zaragoza","Zaragoza.2014"
"Apricot","Sunglo",62,2016,"Validation","full","Zaragoza","Zaragoza.2016"
"Apricot","Sunglo",62,2017,"Validation","full","Zaragoza","Zaragoza.2017"
"Apricot","Sunglo",60,2021,"Validation","full","Zaragoza","Zaragoza.2021"
"Apricot","Sunglo",63,2002,"Validation","scarce","Zaragoza","Zaragoza.2002"
"Apricot","Sunglo",80,2005,"Validation","scarce","Zaragoza","Zaragoza.2005"
"Apricot","Sunglo",79,2010,"Validation","scarce","Zaragoza","Zaragoza.2010"
"Apricot","Sunglo",69,2011,"Validation","scarce","Zaragoza","Zaragoza.2011"
"Apricot","Sunglo",75,2012,"Validation","scarce","Zaragoza","Zaragoza.2012"
"Apricot","Sunglo",73,2013,"Validation","scarce","Zaragoza","Zaragoza.2013"
"Apricot","Sunglo",75,2014,"Validation","scarce","Zaragoza","Zaragoza.2014"
"Apricot","Sunglo",62,2016,"Validation","scarce","Zaragoza","Zaragoza.2016"
"Apricot","Sunglo",62,2017,"Validation","scarce","Zaragoza","Zaragoza.2017"
"Apricot","Sunglo",57,2020,"Validation","scarce","Zaragoza","Zaragoza.2020"
"Apricot","Sunglo",60,2021,"Validation","scarce","Zaragoza","Zaragoza.2021"
"Apricot","Sunglo",67,2022,"Validation","scarce","Zaragoza","Zaragoza.2022"
"Apricot","Bulida",68,2015,"Calibration","full","Cieza","Cieza.2015"
"Apricot","Bulida",64,2016,"Calibration","full","Cieza","Cieza.2016"
"Apricot","Bulida",64,2015,"Calibration","full","Cieza","Cieza.2015"
"Apricot","Bulida",80,2010,"Calibration","full","Cieza","Cieza.2010"
"Apricot","Bulida",64,2014,"Calibration","full","Cieza","Cieza.2014"
"Apricot","Bulida",68,2013,"Calibration","full","Cieza","Cieza.2013"
"Apricot","Bulida",74,2012,"Calibration","full","Cieza","Cieza.2012"
"Apricot","Bulida",66,2004,"Calibration","full","Cieza","Cieza.2004"
"Apricot","Bulida",69,2006,"Calibration","full","Cieza","Cieza.2006"
"Apricot","Bulida",71,2018,"Calibration","full","Cieza","Cieza.2018"
"Apricot","Bulida",63,2011,"Calibration","full","Cieza","Cieza.2011"
"Apricot","Bulida",67,2017,"Calibration","full","Cieza","Cieza.2017"
"Apricot","Bulida",63,2020,"Calibration","full","Cieza","Cieza.2020"
"Apricot","Bulida",73,2003,"Calibration","full","Cieza","Cieza.2003"
"Apricot","Bulida",67,2019,"Calibration","full","Cieza","Cieza.2019"
"Apricot","Bulida",64,2015,"Calibration","scarce","Cieza","Cieza.2015"
"Apricot","Bulida",64,2016,"Calibration","scarce","Cieza","Cieza.2016"
"Apricot","Bulida",71,2018,"Calibration","scarce","Cieza","Cieza.2018"
"Apricot","Bulida",63,2020,"Calibration","scarce","Cieza","Cieza.2020"
"Apricot","Bulida",67,2017,"Calibration","scarce","Cieza","Cieza.2017"
"Apricot","Bulida",73,2003,"Calibration","scarce","Cieza","Cieza.2003"
"Apricot","Bulida",80,2010,"Calibration","scarce","Cieza","Cieza.2010"
"Apricot","Bulida",74,2012,"Calibration","scarce","Cieza","Cieza.2012"
"Apricot","Bulida",67,2019,"Calibration","scarce","Cieza","Cieza.2019"
"Apricot","Bulida",69,2006,"Calibration","scarce","Cieza","Cieza.2006"
"Apricot","Bulida",63,2021,"Validation","full","Cieza","Cieza.2021"
"Apricot","Bulida",67,2009,"Validation","full","Cieza","Cieza.2009"
"Apricot","Bulida",63,2008,"Validation","full","Cieza","Cieza.2008"
"Apricot","Bulida",60,2007,"Validation","full","Cieza","Cieza.2007"
"Apricot","Bulida",79,2005,"Validation","full","Cieza","Cieza.2005"
"Apricot","Bulida",67,2022,"Validation","full","Cieza","Cieza.2022"
"Apricot","Bulida",63,2021,"Validation","scarce","Cieza","Cieza.2021"
"Apricot","Bulida",67,2009,"Validation","scarce","Cieza","Cieza.2009"
"Apricot","Bulida",63,2008,"Validation","scarce","Cieza","Cieza.2008"
"Apricot","Bulida",60,2007,"Validation","scarce","Cieza","Cieza.2007"
"Apricot","Bulida",79,2005,"Validation","scarce","Cieza","Cieza.2005"
"Apricot","Bulida",66,2004,"Validation","scarce","Cieza","Cieza.2004"
"Apricot","Bulida",67,2022,"Validation","scarce","Cieza","Cieza.2022"
"Apricot","Bulida",63,2011,"Validation","scarce","Cieza","Cieza.2011"
"Apricot","Bulida",68,2013,"Validation","scarce","Cieza","Cieza.2013"
"Apricot","Bulida",64,2014,"Validation","scarce","Cieza","Cieza.2014"
"Apricot","Bulida",68,2015,"Validation","scarce","Cieza","Cieza.2015"
"Apricot","Dorada",87,2022,"Calibration","full","Cieza","Cieza.2022"
"Apricot","Dorada",81,2003,"Calibration","full","Cieza","Cieza.2003"
"Apricot","Dorada",64,2021,"Calibration","full","Cieza","Cieza.2021"
"Apricot","Dorada",70,2011,"Calibration","full","Cieza","Cieza.2011"
"Apricot","Dorada",81,2018,"Calibration","full","Cieza","Cieza.2018"
"Apricot","Dorada",70,2008,"Calibration","full","Cieza","Cieza.2008"
"Apricot","Dorada",67,2009,"Calibration","full","Cieza","Cieza.2009"
"Apricot","Dorada",71,2015,"Calibration","full","Cieza","Cieza.2015"
"Apricot","Dorada",93,2016,"Calibration","full","Cieza","Cieza.2016"
"Apricot","Dorada",75,2007,"Calibration","full","Cieza","Cieza.2007"
"Apricot","Dorada",71,2014,"Calibration","full","Cieza","Cieza.2014"
"Apricot","Dorada",71,2017,"Calibration","full","Cieza","Cieza.2017"
"Apricot","Dorada",85,2013,"Calibration","full","Cieza","Cieza.2013"
"Apricot","Dorada",85,2010,"Calibration","full","Cieza","Cieza.2010"
"Apricot","Dorada",78,2019,"Calibration","full","Cieza","Cieza.2019"
"Apricot","Dorada",78,2019,"Calibration","scarce","Cieza","Cieza.2019"
"Apricot","Dorada",71,2014,"Calibration","scarce","Cieza","Cieza.2014"
"Apricot","Dorada",81,2018,"Calibration","scarce","Cieza","Cieza.2018"
"Apricot","Dorada",67,2009,"Calibration","scarce","Cieza","Cieza.2009"
"Apricot","Dorada",70,2008,"Calibration","scarce","Cieza","Cieza.2008"
"Apricot","Dorada",70,2011,"Calibration","scarce","Cieza","Cieza.2011"
"Apricot","Dorada",71,2015,"Calibration","scarce","Cieza","Cieza.2015"
"Apricot","Dorada",85,2013,"Calibration","scarce","Cieza","Cieza.2013"
"Apricot","Dorada",75,2007,"Calibration","scarce","Cieza","Cieza.2007"
"Apricot","Dorada",81,2003,"Calibration","scarce","Cieza","Cieza.2003"
"Apricot","Dorada",76,2021,"Validation","full","Cieza","Cieza.2021"
"Apricot","Dorada",88,2004,"Validation","full","Cieza","Cieza.2004"
"Apricot","Dorada",81,2005,"Validation","full","Cieza","Cieza.2005"
"Apricot","Dorada",71,2006,"Validation","full","Cieza","Cieza.2006"
"Apricot","Dorada",86,2012,"Validation","full","Cieza","Cieza.2012"
"Apricot","Dorada",76,2021,"Validation","scarce","Cieza","Cieza.2021"
"Apricot","Dorada",64,2021,"Validation","scarce","Cieza","Cieza.2021"
"Apricot","Dorada",93,2016,"Validation","scarce","Cieza","Cieza.2016"
"Apricot","Dorada",71,2017,"Validation","scarce","Cieza","Cieza.2017"
"Apricot","Dorada",88,2004,"Validation","scarce","Cieza","Cieza.2004"
"Apricot","Dorada",81,2005,"Validation","scarce","Cieza","Cieza.2005"
"Apricot","Dorada",71,2006,"Validation","scarce","Cieza","Cieza.2006"
"Apricot","Dorada",87,2022,"Validation","scarce","Cieza","Cieza.2022"
"Apricot","Dorada",85,2010,"Validation","scarce","Cieza","Cieza.2010"
"Apricot","Dorada",86,2012,"Validation","scarce","Cieza","Cieza.2012"
"Sweet Cherry","Rainier",85,1998,"Calibration","full","Zaragoza","Zaragoza.1998"
"Sweet Cherry","Rainier",80,2022,"Calibration","full","Zaragoza","Zaragoza.2022"
"Sweet Cherry","Rainier",92,2016,"Calibration","full","Zaragoza","Zaragoza.2016"
"Sweet Cherry","Rainier",77,2021,"Calibration","full","Zaragoza","Zaragoza.2021"
"Sweet Cherry","Rainier",85,2009,"Calibration","full","Zaragoza","Zaragoza.2009"
"Sweet Cherry","Rainier",85,2014,"Calibration","full","Zaragoza","Zaragoza.2014"
"Sweet Cherry","Rainier",90,2012,"Calibration","full","Zaragoza","Zaragoza.2012"
"Sweet Cherry","Rainier",76,2017,"Calibration","full","Zaragoza","Zaragoza.2017"
"Sweet Cherry","Rainier",86,1992,"Calibration","full","Zaragoza","Zaragoza.1992"
"Sweet Cherry","Rainier",91,2015,"Calibration","full","Zaragoza","Zaragoza.2015"
"Sweet Cherry","Rainier",104,2000,"Calibration","full","Zaragoza","Zaragoza.2000"
"Sweet Cherry","Rainier",83,1995,"Calibration","full","Zaragoza","Zaragoza.1995"
"Sweet Cherry","Rainier",79,1994,"Calibration","full","Zaragoza","Zaragoza.1994"
"Sweet Cherry","Rainier",92,2018,"Calibration","full","Zaragoza","Zaragoza.2018"
"Sweet Cherry","Rainier",95,1993,"Calibration","full","Zaragoza","Zaragoza.1993"
"Sweet Cherry","Rainier",81,2019,"Calibration","full","Zaragoza","Zaragoza.2019"
"Sweet Cherry","Rainier",82,2001,"Calibration","full","Zaragoza","Zaragoza.2001"
"Sweet Cherry","Rainier",86,1999,"Calibration","full","Zaragoza","Zaragoza.1999"
"Sweet Cherry","Rainier",80,2022,"Calibration","scarce","Zaragoza","Zaragoza.2022"
"Sweet Cherry","Rainier",85,2014,"Calibration","scarce","Zaragoza","Zaragoza.2014"
"Sweet Cherry","Rainier",86,1999,"Calibration","scarce","Zaragoza","Zaragoza.1999"
"Sweet Cherry","Rainier",91,2015,"Calibration","scarce","Zaragoza","Zaragoza.2015"
"Sweet Cherry","Rainier",82,2001,"Calibration","scarce","Zaragoza","Zaragoza.2001"
"Sweet Cherry","Rainier",79,1994,"Calibration","scarce","Zaragoza","Zaragoza.1994"
"Sweet Cherry","Rainier",81,2019,"Calibration","scarce","Zaragoza","Zaragoza.2019"
"Sweet Cherry","Rainier",90,2012,"Calibration","scarce","Zaragoza","Zaragoza.2012"
"Sweet Cherry","Rainier",85,2009,"Calibration","scarce","Zaragoza","Zaragoza.2009"
"Sweet Cherry","Rainier",92,2016,"Calibration","scarce","Zaragoza","Zaragoza.2016"
"Sweet Cherry","Rainier",88,1991,"Validation","full","Zaragoza","Zaragoza.1991"
"Sweet Cherry","Rainier",97,1996,"Validation","full","Zaragoza","Zaragoza.1996"
"Sweet Cherry","Rainier",75,1997,"Validation","full","Zaragoza","Zaragoza.1997"
"Sweet Cherry","Rainier",91,2010,"Validation","full","Zaragoza","Zaragoza.2010"
"Sweet Cherry","Rainier",88,2011,"Validation","full","Zaragoza","Zaragoza.2011"
"Sweet Cherry","Rainier",91,2013,"Validation","full","Zaragoza","Zaragoza.2013"
"Sweet Cherry","Rainier",88,1991,"Validation","scarce","Zaragoza","Zaragoza.1991"
"Sweet Cherry","Rainier",86,1992,"Validation","scarce","Zaragoza","Zaragoza.1992"
"Sweet Cherry","Rainier",95,1993,"Validation","scarce","Zaragoza","Zaragoza.1993"
"Sweet Cherry","Rainier",83,1995,"Validation","scarce","Zaragoza","Zaragoza.1995"
"Sweet Cherry","Rainier",97,1996,"Validation","scarce","Zaragoza","Zaragoza.1996"
"Sweet Cherry","Rainier",75,1997,"Validation","scarce","Zaragoza","Zaragoza.1997"
"Sweet Cherry","Rainier",85,1998,"Validation","scarce","Zaragoza","Zaragoza.1998"
"Sweet Cherry","Rainier",104,2000,"Validation","scarce","Zaragoza","Zaragoza.2000"
"Sweet Cherry","Rainier",91,2010,"Validation","scarce","Zaragoza","Zaragoza.2010"
"Sweet Cherry","Rainier",88,2011,"Validation","scarce","Zaragoza","Zaragoza.2011"
"Sweet Cherry","Rainier",91,2013,"Validation","scarce","Zaragoza","Zaragoza.2013"
"Sweet Cherry","Rainier",76,2017,"Validation","scarce","Zaragoza","Zaragoza.2017"
"Sweet Cherry","Rainier",92,2018,"Validation","scarce","Zaragoza","Zaragoza.2018"
"Sweet Cherry","Rainier",77,2021,"Validation","scarce","Zaragoza","Zaragoza.2021"
"Sweet Cherry","Sam",86,2019,"Calibration","full","Zaragoza","Zaragoza.2019"
"Sweet Cherry","Sam",92,2001,"Calibration","full","Zaragoza","Zaragoza.2001"
"Sweet Cherry","Sam",102,2016,"Calibration","full","Zaragoza","Zaragoza.2016"
"Sweet Cherry","Sam",83,2017,"Calibration","full","Zaragoza","Zaragoza.2017"
"Sweet Cherry","Sam",98,2015,"Calibration","full","Zaragoza","Zaragoza.2015"
"Sweet Cherry","Sam",95,2012,"Calibration","full","Zaragoza","Zaragoza.2012"
"Sweet Cherry","Sam",101,2018,"Calibration","full","Zaragoza","Zaragoza.2018"
"Sweet Cherry","Sam",98,1998,"Calibration","full","Zaragoza","Zaragoza.1998"
"Sweet Cherry","Sam",100,2010,"Calibration","full","Zaragoza","Zaragoza.2010"
"Sweet Cherry","Sam",85,1997,"Calibration","full","Zaragoza","Zaragoza.1997"
"Sweet Cherry","Sam",84,2000,"Calibration","full","Zaragoza","Zaragoza.2000"
"Sweet Cherry","Sam",92,2009,"Calibration","full","Zaragoza","Zaragoza.2009"
"Sweet Cherry","Sam",104,1996,"Calibration","full","Zaragoza","Zaragoza.1996"
"Sweet Cherry","Sam",92,2011,"Calibration","full","Zaragoza","Zaragoza.2011"
"Sweet Cherry","Sam",94,1999,"Calibration","full","Zaragoza","Zaragoza.1999"
"Sweet Cherry","Sam",90,2022,"Calibration","full","Zaragoza","Zaragoza.2022"
"Sweet Cherry","Sam",101,2013,"Calibration","full","Zaragoza","Zaragoza.2013"
"Sweet Cherry","Sam",99,1992,"Calibration","full","Zaragoza","Zaragoza.1992"
"Sweet Cherry","Sam",92,2009,"Calibration","scarce","Zaragoza","Zaragoza.2009"
"Sweet Cherry","Sam",98,1998,"Calibration","scarce","Zaragoza","Zaragoza.1998"
"Sweet Cherry","Sam",94,1999,"Calibration","scarce","Zaragoza","Zaragoza.1999"
"Sweet Cherry","Sam",92,2011,"Calibration","scarce","Zaragoza","Zaragoza.2011"
"Sweet Cherry","Sam",102,2016,"Calibration","scarce","Zaragoza","Zaragoza.2016"
"Sweet Cherry","Sam",83,2017,"Calibration","scarce","Zaragoza","Zaragoza.2017"
"Sweet Cherry","Sam",101,2018,"Calibration","scarce","Zaragoza","Zaragoza.2018"
"Sweet Cherry","Sam",86,2019,"Calibration","scarce","Zaragoza","Zaragoza.2019"
"Sweet Cherry","Sam",104,1996,"Calibration","scarce","Zaragoza","Zaragoza.1996"
"Sweet Cherry","Sam",98,2015,"Calibration","scarce","Zaragoza","Zaragoza.2015"
"Sweet Cherry","Sam",100,1991,"Validation","full","Zaragoza","Zaragoza.1991"
"Sweet Cherry","Sam",100,1993,"Validation","full","Zaragoza","Zaragoza.1993"
"Sweet Cherry","Sam",84,1994,"Validation","full","Zaragoza","Zaragoza.1994"
"Sweet Cherry","Sam",97,1995,"Validation","full","Zaragoza","Zaragoza.1995"
"Sweet Cherry","Sam",97,2014,"Validation","full","Zaragoza","Zaragoza.2014"
"Sweet Cherry","Sam",86,2021,"Validation","full","Zaragoza","Zaragoza.2021"
"Sweet Cherry","Sam",100,1991,"Validation","scarce","Zaragoza","Zaragoza.1991"
"Sweet Cherry","Sam",99,1992,"Validation","scarce","Zaragoza","Zaragoza.1992"
"Sweet Cherry","Sam",100,1993,"Validation","scarce","Zaragoza","Zaragoza.1993"
"Sweet Cherry","Sam",84,1994,"Validation","scarce","Zaragoza","Zaragoza.1994"
"Sweet Cherry","Sam",97,1995,"Validation","scarce","Zaragoza","Zaragoza.1995"
"Sweet Cherry","Sam",85,1997,"Validation","scarce","Zaragoza","Zaragoza.1997"
"Sweet Cherry","Sam",84,2000,"Validation","scarce","Zaragoza","Zaragoza.2000"
"Sweet Cherry","Sam",92,2001,"Validation","scarce","Zaragoza","Zaragoza.2001"
"Sweet Cherry","Sam",100,2010,"Validation","scarce","Zaragoza","Zaragoza.2010"
"Sweet Cherry","Sam",95,2012,"Validation","scarce","Zaragoza","Zaragoza.2012"
"Sweet Cherry","Sam",101,2013,"Validation","scarce","Zaragoza","Zaragoza.2013"
"Sweet Cherry","Sam",97,2014,"Validation","scarce","Zaragoza","Zaragoza.2014"
"Sweet Cherry","Sam",86,2021,"Validation","scarce","Zaragoza","Zaragoza.2021"
"Sweet Cherry","Sam",90,2022,"Validation","scarce","Zaragoza","Zaragoza.2022"
"Sweet Cherry","Van",95,2016,"Calibration","full","Zaragoza","Zaragoza.2016"
"Sweet Cherry","Van",90,1991,"Calibration","full","Zaragoza","Zaragoza.1991"
"Sweet Cherry","Van",100,1996,"Calibration","full","Zaragoza","Zaragoza.1996"
"Sweet Cherry","Van",85,2009,"Calibration","full","Zaragoza","Zaragoza.2009"
"Sweet Cherry","Van",88,2021,"Calibration","full","Zaragoza","Zaragoza.2021"
"Sweet Cherry","Van",91,1999,"Calibration","full","Zaragoza","Zaragoza.1999"
"Sweet Cherry","Van",95,2010,"Calibration","full","Zaragoza","Zaragoza.2010"
"Sweet Cherry","Van",96,2013,"Calibration","full","Zaragoza","Zaragoza.2013"
"Sweet Cherry","Van",91,1995,"Calibration","full","Zaragoza","Zaragoza.1995"
"Sweet Cherry","Van",84,2001,"Calibration","full","Zaragoza","Zaragoza.2001"
"Sweet Cherry","Van",93,2012,"Calibration","full","Zaragoza","Zaragoza.2012"
"Sweet Cherry","Van",82,2019,"Calibration","full","Zaragoza","Zaragoza.2019"
"Sweet Cherry","Van",77,2000,"Calibration","full","Zaragoza","Zaragoza.2000"
"Sweet Cherry","Van",87,2022,"Calibration","full","Zaragoza","Zaragoza.2022"
"Sweet Cherry","Van",94,2015,"Calibration","full","Zaragoza","Zaragoza.2015"
"Sweet Cherry","Van",90,2014,"Calibration","full","Zaragoza","Zaragoza.2014"
"Sweet Cherry","Van",100,1993,"Calibration","full","Zaragoza","Zaragoza.1993"
"Sweet Cherry","Van",92,1992,"Calibration","full","Zaragoza","Zaragoza.1992"
"Sweet Cherry","Van",82,2019,"Calibration","scarce","Zaragoza","Zaragoza.2019"
"Sweet Cherry","Van",90,1991,"Calibration","scarce","Zaragoza","Zaragoza.1991"
"Sweet Cherry","Van",95,2010,"Calibration","scarce","Zaragoza","Zaragoza.2010"
"Sweet Cherry","Van",95,2016,"Calibration","scarce","Zaragoza","Zaragoza.2016"
"Sweet Cherry","Van",91,1995,"Calibration","scarce","Zaragoza","Zaragoza.1995"
"Sweet Cherry","Van",100,1996,"Calibration","scarce","Zaragoza","Zaragoza.1996"
"Sweet Cherry","Van",84,2001,"Calibration","scarce","Zaragoza","Zaragoza.2001"
"Sweet Cherry","Van",96,2013,"Calibration","scarce","Zaragoza","Zaragoza.2013"
"Sweet Cherry","Van",77,2000,"Calibration","scarce","Zaragoza","Zaragoza.2000"
"Sweet Cherry","Van",88,2021,"Calibration","scarce","Zaragoza","Zaragoza.2021"
"Sweet Cherry","Van",82,1994,"Validation","full","Zaragoza","Zaragoza.1994"
"Sweet Cherry","Van",78,1997,"Validation","full","Zaragoza","Zaragoza.1997"
"Sweet Cherry","Van",91,1998,"Validation","full","Zaragoza","Zaragoza.1998"
"Sweet Cherry","Van",90,2011,"Validation","full","Zaragoza","Zaragoza.2011"
"Sweet Cherry","Van",78,2017,"Validation","full","Zaragoza","Zaragoza.2017"
"Sweet Cherry","Van",99,2018,"Validation","full","Zaragoza","Zaragoza.2018"
"Sweet Cherry","Van",92,1992,"Validation","scarce","Zaragoza","Zaragoza.1992"
"Sweet Cherry","Van",100,1993,"Validation","scarce","Zaragoza","Zaragoza.1993"
"Sweet Cherry","Van",82,1994,"Validation","scarce","Zaragoza","Zaragoza.1994"
"Sweet Cherry","Van",78,1997,"Validation","scarce","Zaragoza","Zaragoza.1997"
"Sweet Cherry","Van",91,1998,"Validation","scarce","Zaragoza","Zaragoza.1998"
"Sweet Cherry","Van",91,1999,"Validation","scarce","Zaragoza","Zaragoza.1999"
"Sweet Cherry","Van",85,2009,"Validation","scarce","Zaragoza","Zaragoza.2009"
"Sweet Cherry","Van",90,2011,"Validation","scarce","Zaragoza","Zaragoza.2011"
"Sweet Cherry","Van",93,2012,"Validation","scarce","Zaragoza","Zaragoza.2012"
"Sweet Cherry","Van",90,2014,"Validation","scarce","Zaragoza","Zaragoza.2014"
"Sweet Cherry","Van",94,2015,"Validation","scarce","Zaragoza","Zaragoza.2015"
"Sweet Cherry","Van",78,2017,"Validation","scarce","Zaragoza","Zaragoza.2017"
"Sweet Cherry","Van",99,2018,"Validation","scarce","Zaragoza","Zaragoza.2018"
"Sweet Cherry","Van",87,2022,"Validation","scarce","Zaragoza","Zaragoza.2022"
"Sweet Cherry","Burlat",107,2010,"Calibration","full","Klein-Altendorf","Klein-Altendorf.2010"
"Sweet Cherry","Burlat",109,2004,"Calibration","full","Klein-Altendorf","Klein-Altendorf.2004"
"Sweet Cherry","Burlat",100,1990,"Calibration","full","Klein-Altendorf","Klein-Altendorf.1990"
"Sweet Cherry","Burlat",109,1994,"Calibration","full","Klein-Altendorf","Klein-Altendorf.1994"
"Sweet Cherry","Burlat",129,1979,"Calibration","full","Klein-Altendorf","Klein-Altendorf.1979"
"Sweet Cherry","Burlat",114,1992,"Calibration","full","Klein-Altendorf","Klein-Altendorf.1992"
"Sweet Cherry","Burlat",104,2003,"Calibration","full","Klein-Altendorf","Klein-Altendorf.2003"
"Sweet Cherry","Burlat",121,1988,"Calibration","full","Klein-Altendorf","Klein-Altendorf.1988"
"Sweet Cherry","Burlat",126,1986,"Calibration","full","Klein-Altendorf","Klein-Altendorf.1986"
"Sweet Cherry","Burlat",122,1980,"Calibration","full","Klein-Altendorf","Klein-Altendorf.1980"
"Sweet Cherry","Burlat",101,2009,"Calibration","full","Klein-Altendorf","Klein-Altendorf.2009"
"Sweet Cherry","Burlat",116,1983,"Calibration","full","Klein-Altendorf","Klein-Altendorf.1983"
"Sweet Cherry","Burlat",121,1978,"Calibration","full","Klein-Altendorf","Klein-Altendorf.1978"
"Sweet Cherry","Burlat",99,2011,"Calibration","full","Klein-Altendorf","Klein-Altendorf.2011"
"Sweet Cherry","Burlat",105,1989,"Calibration","full","Klein-Altendorf","Klein-Altendorf.1989"
"Sweet Cherry","Burlat",95,2014,"Calibration","full","Klein-Altendorf","Klein-Altendorf.2014"
"Sweet Cherry","Burlat",116,1982,"Calibration","full","Klein-Altendorf","Klein-Altendorf.1982"
"Sweet Cherry","Burlat",99,2012,"Calibration","full","Klein-Altendorf","Klein-Altendorf.2012"
"Sweet Cherry","Burlat",106,2007,"Calibration","full","Klein-Altendorf","Klein-Altendorf.2007"
"Sweet Cherry","Burlat",103,1991,"Calibration","full","Klein-Altendorf","Klein-Altendorf.1991"
"Sweet Cherry","Burlat",111,2008,"Calibration","full","Klein-Altendorf","Klein-Altendorf.2008"
"Sweet Cherry","Burlat",95,2014,"Calibration","scarce","Klein-Altendorf","Klein-Altendorf.2014"
"Sweet Cherry","Burlat",129,1979,"Calibration","scarce","Klein-Altendorf","Klein-Altendorf.1979"
"Sweet Cherry","Burlat",114,1992,"Calibration","scarce","Klein-Altendorf","Klein-Altendorf.1992"
"Sweet Cherry","Burlat",116,1983,"Calibration","scarce","Klein-Altendorf","Klein-Altendorf.1983"
"Sweet Cherry","Burlat",122,1980,"Calibration","scarce","Klein-Altendorf","Klein-Altendorf.1980"
"Sweet Cherry","Burlat",100,1990,"Calibration","scarce","Klein-Altendorf","Klein-Altendorf.1990"
"Sweet Cherry","Burlat",103,1991,"Calibration","scarce","Klein-Altendorf","Klein-Altendorf.1991"
"Sweet Cherry","Burlat",109,1994,"Calibration","scarce","Klein-Altendorf","Klein-Altendorf.1994"
"Sweet Cherry","Burlat",106,2007,"Calibration","scarce","Klein-Altendorf","Klein-Altendorf.2007"
"Sweet Cherry","Burlat",99,2012,"Calibration","scarce","Klein-Altendorf","Klein-Altendorf.2012"
"Sweet Cherry","Burlat",102,1981,"Validation","full","Klein-Altendorf","Klein-Altendorf.1981"
"Sweet Cherry","Burlat",125,1984,"Validation","full","Klein-Altendorf","Klein-Altendorf.1984"
"Sweet Cherry","Burlat",117,1987,"Validation","full","Klein-Altendorf","Klein-Altendorf.1987"
"Sweet Cherry","Burlat",110,1993,"Validation","full","Klein-Altendorf","Klein-Altendorf.1993"
"Sweet Cherry","Burlat",116,1995,"Validation","full","Klein-Altendorf","Klein-Altendorf.1995"
"Sweet Cherry","Burlat",104,2005,"Validation","full","Klein-Altendorf","Klein-Altendorf.2005"
"Sweet Cherry","Burlat",116,2006,"Validation","full","Klein-Altendorf","Klein-Altendorf.2006"
"Sweet Cherry","Burlat",107,2015,"Validation","full","Klein-Altendorf","Klein-Altendorf.2015"
"Sweet Cherry","Burlat",121,1978,"Validation","scarce","Klein-Altendorf","Klein-Altendorf.1978"
"Sweet Cherry","Burlat",102,1981,"Validation","scarce","Klein-Altendorf","Klein-Altendorf.1981"
"Sweet Cherry","Burlat",116,1982,"Validation","scarce","Klein-Altendorf","Klein-Altendorf.1982"
"Sweet Cherry","Burlat",125,1984,"Validation","scarce","Klein-Altendorf","Klein-Altendorf.1984"
"Sweet Cherry","Burlat",126,1986,"Validation","scarce","Klein-Altendorf","Klein-Altendorf.1986"
"Sweet Cherry","Burlat",117,1987,"Validation","scarce","Klein-Altendorf","Klein-Altendorf.1987"
"Sweet Cherry","Burlat",121,1988,"Validation","scarce","Klein-Altendorf","Klein-Altendorf.1988"
"Sweet Cherry","Burlat",105,1989,"Validation","scarce","Klein-Altendorf","Klein-Altendorf.1989"
"Sweet Cherry","Burlat",110,1993,"Validation","scarce","Klein-Altendorf","Klein-Altendorf.1993"
"Sweet Cherry","Burlat",116,1995,"Validation","scarce","Klein-Altendorf","Klein-Altendorf.1995"
"Sweet Cherry","Burlat",104,2003,"Validation","scarce","Klein-Altendorf","Klein-Altendorf.2003"
"Sweet Cherry","Burlat",109,2004,"Validation","scarce","Klein-Altendorf","Klein-Altendorf.2004"
"Sweet Cherry","Burlat",104,2005,"Validation","scarce","Klein-Altendorf","Klein-Altendorf.2005"
"Sweet Cherry","Burlat",116,2006,"Validation","scarce","Klein-Altendorf","Klein-Altendorf.2006"
"Sweet Cherry","Burlat",111,2008,"Validation","scarce","Klein-Altendorf","Klein-Altendorf.2008"
"Sweet Cherry","Burlat",101,2009,"Validation","scarce","Klein-Altendorf","Klein-Altendorf.2009"
"Sweet Cherry","Burlat",107,2010,"Validation","scarce","Klein-Altendorf","Klein-Altendorf.2010"
"Sweet Cherry","Burlat",99,2011,"Validation","scarce","Klein-Altendorf","Klein-Altendorf.2011"
"Sweet Cherry","Burlat",107,2015,"Validation","scarce","Klein-Altendorf","Klein-Altendorf.2015"
"Sweet Cherry","Regina",126,2006,"Calibration","full","Klein-Altendorf","Klein-Altendorf.2006"
"Sweet Cherry","Regina",107,2007,"Calibration","full","Klein-Altendorf","Klein-Altendorf.2007"
"Sweet Cherry","Regina",124,1989,"Calibration","full","Klein-Altendorf","Klein-Altendorf.1989"
"Sweet Cherry","Regina",98,2014,"Calibration","full","Klein-Altendorf","Klein-Altendorf.2014"
"Sweet Cherry","Regina",113,1998,"Calibration","full","Klein-Altendorf","Klein-Altendorf.1998"
"Sweet Cherry","Regina",119,2016,"Calibration","full","Klein-Altendorf","Klein-Altendorf.2016"
"Sweet Cherry","Regina",115,2000,"Calibration","full","Klein-Altendorf","Klein-Altendorf.2000"
"Sweet Cherry","Regina",103,2020,"Calibration","full","Klein-Altendorf","Klein-Altendorf.2020"
"Sweet Cherry","Regina",117,2008,"Calibration","full","Klein-Altendorf","Klein-Altendorf.2008"
"Sweet Cherry","Regina",111,2003,"Calibration","full","Klein-Altendorf","Klein-Altendorf.2003"
"Sweet Cherry","Regina",113,1990,"Calibration","full","Klein-Altendorf","Klein-Altendorf.1990"
"Sweet Cherry","Regina",108,1991,"Calibration","full","Klein-Altendorf","Klein-Altendorf.1991"
"Sweet Cherry","Regina",103,2017,"Calibration","full","Klein-Altendorf","Klein-Altendorf.2017"
"Sweet Cherry","Regina",122,1992,"Calibration","full","Klein-Altendorf","Klein-Altendorf.1992"
"Sweet Cherry","Regina",109,2018,"Calibration","full","Klein-Altendorf","Klein-Altendorf.2018"
"Sweet Cherry","Regina",102,2011,"Calibration","full","Klein-Altendorf","Klein-Altendorf.2011"
"Sweet Cherry","Regina",114,2002,"Calibration","full","Klein-Altendorf","Klein-Altendorf.2002"
"Sweet Cherry","Regina",111,2015,"Calibration","full","Klein-Altendorf","Klein-Altendorf.2015"
"Sweet Cherry","Regina",114,1999,"Calibration","full","Klein-Altendorf","Klein-Altendorf.1999"
"Sweet Cherry","Regina",111,2012,"Calibration","full","Klein-Altendorf","Klein-Altendorf.2012"
"Sweet Cherry","Regina",112,2010,"Calibration","full","Klein-Altendorf","Klein-Altendorf.2010"
"Sweet Cherry","Regina",104,1997,"Calibration","full","Klein-Altendorf","Klein-Altendorf.1997"
"Sweet Cherry","Regina",108,2019,"Calibration","full","Klein-Altendorf","Klein-Altendorf.2019"
"Sweet Cherry","Regina",106,2009,"Calibration","full","Klein-Altendorf","Klein-Altendorf.2009"
"Sweet Cherry","Regina",111,2003,"Calibration","scarce","Klein-Altendorf","Klein-Altendorf.2003"
"Sweet Cherry","Regina",108,1991,"Calibration","scarce","Klein-Altendorf","Klein-Altendorf.1991"
"Sweet Cherry","Regina",113,1990,"Calibration","scarce","Klein-Altendorf","Klein-Altendorf.1990"
"Sweet Cherry","Regina",109,2018,"Calibration","scarce","Klein-Altendorf","Klein-Altendorf.2018"
"Sweet Cherry","Regina",113,1998,"Calibration","scarce","Klein-Altendorf","Klein-Altendorf.1998"
"Sweet Cherry","Regina",108,2019,"Calibration","scarce","Klein-Altendorf","Klein-Altendorf.2019"
"Sweet Cherry","Regina",103,2020,"Calibration","scarce","Klein-Altendorf","Klein-Altendorf.2020"
"Sweet Cherry","Regina",114,1999,"Calibration","scarce","Klein-Altendorf","Klein-Altendorf.1999"
"Sweet Cherry","Regina",102,2011,"Calibration","scarce","Klein-Altendorf","Klein-Altendorf.2011"
"Sweet Cherry","Regina",106,2009,"Calibration","scarce","Klein-Altendorf","Klein-Altendorf.2009"
"Sweet Cherry","Regina",123,1988,"Validation","full","Klein-Altendorf","Klein-Altendorf.1988"
"Sweet Cherry","Regina",114,1993,"Validation","full","Klein-Altendorf","Klein-Altendorf.1993"
"Sweet Cherry","Regina",115,1994,"Validation","full","Klein-Altendorf","Klein-Altendorf.1994"
"Sweet Cherry","Regina",120,1996,"Validation","full","Klein-Altendorf","Klein-Altendorf.1996"
"Sweet Cherry","Regina",123,2001,"Validation","full","Klein-Altendorf","Klein-Altendorf.2001"
"Sweet Cherry","Regina",112,2004,"Validation","full","Klein-Altendorf","Klein-Altendorf.2004"
"Sweet Cherry","Regina",109,2005,"Validation","full","Klein-Altendorf","Klein-Altendorf.2005"
"Sweet Cherry","Regina",120,2013,"Validation","full","Klein-Altendorf","Klein-Altendorf.2013"
"Sweet Cherry","Regina",123,1988,"Validation","scarce","Klein-Altendorf","Klein-Altendorf.1988"
"Sweet Cherry","Regina",124,1989,"Validation","scarce","Klein-Altendorf","Klein-Altendorf.1989"
"Sweet Cherry","Regina",122,1992,"Validation","scarce","Klein-Altendorf","Klein-Altendorf.1992"
"Sweet Cherry","Regina",114,1993,"Validation","scarce","Klein-Altendorf","Klein-Altendorf.1993"
"Sweet Cherry","Regina",115,1994,"Validation","scarce","Klein-Altendorf","Klein-Altendorf.1994"
"Sweet Cherry","Regina",120,1996,"Validation","scarce","Klein-Altendorf","Klein-Altendorf.1996"
"Sweet Cherry","Regina",104,1997,"Validation","scarce","Klein-Altendorf","Klein-Altendorf.1997"
"Sweet Cherry","Regina",115,2000,"Validation","scarce","Klein-Altendorf","Klein-Altendorf.2000"
"Sweet Cherry","Regina",123,2001,"Validation","scarce","Klein-Altendorf","Klein-Altendorf.2001"
"Sweet Cherry","Regina",114,2002,"Validation","scarce","Klein-Altendorf","Klein-Altendorf.2002"
"Sweet Cherry","Regina",112,2004,"Validation","scarce","Klein-Altendorf","Klein-Altendorf.2004"
"Sweet Cherry","Regina",109,2005,"Validation","scarce","Klein-Altendorf","Klein-Altendorf.2005"
"Sweet Cherry","Regina",126,2006,"Validation","scarce","Klein-Altendorf","Klein-Altendorf.2006"
"Sweet Cherry","Regina",107,2007,"Validation","scarce","Klein-Altendorf","Klein-Altendorf.2007"
"Sweet Cherry","Regina",117,2008,"Validation","scarce","Klein-Altendorf","Klein-Altendorf.2008"
"Sweet Cherry","Regina",112,2010,"Validation","scarce","Klein-Altendorf","Klein-Altendorf.2010"
"Sweet Cherry","Regina",111,2012,"Validation","scarce","Klein-Altendorf","Klein-Altendorf.2012"
"Sweet Cherry","Regina",120,2013,"Validation","scarce","Klein-Altendorf","Klein-Altendorf.2013"
"Sweet Cherry","Regina",98,2014,"Validation","scarce","Klein-Altendorf","Klein-Altendorf.2014"
"Sweet Cherry","Regina",111,2015,"Validation","scarce","Klein-Altendorf","Klein-Altendorf.2015"
"Sweet Cherry","Regina",119,2016,"Validation","scarce","Klein-Altendorf","Klein-Altendorf.2016"
"Sweet Cherry","Regina",103,2017,"Validation","scarce","Klein-Altendorf","Klein-Altendorf.2017"
"Sweet Cherry","Schneiders",110,2015,"Calibration","full","Klein-Altendorf","Klein-Altendorf.2015"
"Sweet Cherry","Schneiders",122,2006,"Calibration","full","Klein-Altendorf","Klein-Altendorf.2006"
"Sweet Cherry","Schneiders",123,2001,"Calibration","full","Klein-Altendorf","Klein-Altendorf.2001"
"Sweet Cherry","Schneiders",114,2000,"Calibration","full","Klein-Altendorf","Klein-Altendorf.2000"
"Sweet Cherry","Schneiders",119,1992,"Calibration","full","Klein-Altendorf","Klein-Altendorf.1992"
"Sweet Cherry","Schneiders",106,1991,"Calibration","full","Klein-Altendorf","Klein-Altendorf.1991"
"Sweet Cherry","Schneiders",118,2013,"Calibration","full","Klein-Altendorf","Klein-Altendorf.2013"
"Sweet Cherry","Schneiders",111,1990,"Calibration","full","Klein-Altendorf","Klein-Altendorf.1990"
"Sweet Cherry","Schneiders",102,2017,"Calibration","full","Klein-Altendorf","Klein-Altendorf.2017"
"Sweet Cherry","Schneiders",107,2012,"Calibration","full","Klein-Altendorf","Klein-Altendorf.2012"
"Sweet Cherry","Schneiders",107,2007,"Calibration","full","Klein-Altendorf","Klein-Altendorf.2007"
"Sweet Cherry","Schneiders",101,2011,"Calibration","full","Klein-Altendorf","Klein-Altendorf.2011"
"Sweet Cherry","Schneiders",128,1984,"Calibration","full","Klein-Altendorf","Klein-Altendorf.1984"
"Sweet Cherry","Schneiders",109,2002,"Calibration","full","Klein-Altendorf","Klein-Altendorf.2002"
"Sweet Cherry","Schneiders",125,1988,"Calibration","full","Klein-Altendorf","Klein-Altendorf.1988"
"Sweet Cherry","Schneiders",111,2010,"Calibration","full","Klein-Altendorf","Klein-Altendorf.2010"
"Sweet Cherry","Schneiders",108,2018,"Calibration","full","Klein-Altendorf","Klein-Altendorf.2018"
"Sweet Cherry","Schneiders",118,2008,"Calibration","full","Klein-Altendorf","Klein-Altendorf.2008"
"Sweet Cherry","Schneiders",113,1999,"Calibration","full","Klein-Altendorf","Klein-Altendorf.1999"
"Sweet Cherry","Schneiders",108,2003,"Calibration","full","Klein-Altendorf","Klein-Altendorf.2003"
"Sweet Cherry","Schneiders",112,1993,"Calibration","full","Klein-Altendorf","Klein-Altendorf.1993"
"Sweet Cherry","Schneiders",109,1998,"Calibration","full","Klein-Altendorf","Klein-Altendorf.1998"
"Sweet Cherry","Schneiders",106,2009,"Calibration","full","Klein-Altendorf","Klein-Altendorf.2009"
"Sweet Cherry","Schneiders",108,2005,"Calibration","full","Klein-Altendorf","Klein-Altendorf.2005"
"Sweet Cherry","Schneiders",114,2000,"Calibration","scarce","Klein-Altendorf","Klein-Altendorf.2000"
"Sweet Cherry","Schneiders",119,1992,"Calibration","scarce","Klein-Altendorf","Klein-Altendorf.1992"
"Sweet Cherry","Schneiders",118,2013,"Calibration","scarce","Klein-Altendorf","Klein-Altendorf.2013"
"Sweet Cherry","Schneiders",125,1988,"Calibration","scarce","Klein-Altendorf","Klein-Altendorf.1988"
"Sweet Cherry","Schneiders",112,1993,"Calibration","scarce","Klein-Altendorf","Klein-Altendorf.1993"
"Sweet Cherry","Schneiders",107,2007,"Calibration","scarce","Klein-Altendorf","Klein-Altendorf.2007"
"Sweet Cherry","Schneiders",101,2011,"Calibration","scarce","Klein-Altendorf","Klein-Altendorf.2011"
"Sweet Cherry","Schneiders",107,2012,"Calibration","scarce","Klein-Altendorf","Klein-Altendorf.2012"
"Sweet Cherry","Schneiders",111,1990,"Calibration","scarce","Klein-Altendorf","Klein-Altendorf.1990"
"Sweet Cherry","Schneiders",106,1991,"Calibration","scarce","Klein-Altendorf","Klein-Altendorf.1991"
"Sweet Cherry","Schneiders",129,1986,"Validation","full","Klein-Altendorf","Klein-Altendorf.1986"
"Sweet Cherry","Schneiders",118,1987,"Validation","full","Klein-Altendorf","Klein-Altendorf.1987"
"Sweet Cherry","Schneiders",115,1989,"Validation","full","Klein-Altendorf","Klein-Altendorf.1989"
"Sweet Cherry","Schneiders",112,1994,"Validation","full","Klein-Altendorf","Klein-Altendorf.1994"
"Sweet Cherry","Schneiders",112,2004,"Validation","full","Klein-Altendorf","Klein-Altendorf.2004"
"Sweet Cherry","Schneiders",98,2014,"Validation","full","Klein-Altendorf","Klein-Altendorf.2014"
"Sweet Cherry","Schneiders",119,2016,"Validation","full","Klein-Altendorf","Klein-Altendorf.2016"
"Sweet Cherry","Schneiders",103,2019,"Validation","full","Klein-Altendorf","Klein-Altendorf.2019"
"Sweet Cherry","Schneiders",128,1984,"Validation","scarce","Klein-Altendorf","Klein-Altendorf.1984"
"Sweet Cherry","Schneiders",129,1986,"Validation","scarce","Klein-Altendorf","Klein-Altendorf.1986"
"Sweet Cherry","Schneiders",118,1987,"Validation","scarce","Klein-Altendorf","Klein-Altendorf.1987"
"Sweet Cherry","Schneiders",115,1989,"Validation","scarce","Klein-Altendorf","Klein-Altendorf.1989"
"Sweet Cherry","Schneiders",112,1994,"Validation","scarce","Klein-Altendorf","Klein-Altendorf.1994"
"Sweet Cherry","Schneiders",109,1998,"Validation","scarce","Klein-Altendorf","Klein-Altendorf.1998"
"Sweet Cherry","Schneiders",113,1999,"Validation","scarce","Klein-Altendorf","Klein-Altendorf.1999"
"Sweet Cherry","Schneiders",123,2001,"Validation","scarce","Klein-Altendorf","Klein-Altendorf.2001"
"Sweet Cherry","Schneiders",109,2002,"Validation","scarce","Klein-Altendorf","Klein-Altendorf.2002"
"Sweet Cherry","Schneiders",108,2003,"Validation","scarce","Klein-Altendorf","Klein-Altendorf.2003"
"Sweet Cherry","Schneiders",112,2004,"Validation","scarce","Klein-Altendorf","Klein-Altendorf.2004"
"Sweet Cherry","Schneiders",108,2005,"Validation","scarce","Klein-Altendorf","Klein-Altendorf.2005"
"Sweet Cherry","Schneiders",122,2006,"Validation","scarce","Klein-Altendorf","Klein-Altendorf.2006"
"Sweet Cherry","Schneiders",118,2008,"Validation","scarce","Klein-Altendorf","Klein-Altendorf.2008"
"Sweet Cherry","Schneiders",106,2009,"Validation","scarce","Klein-Altendorf","Klein-Altendorf.2009"
"Sweet Cherry","Schneiders",111,2010,"Validation","scarce","Klein-Altendorf","Klein-Altendorf.2010"
"Sweet Cherry","Schneiders",98,2014,"Validation","scarce","Klein-Altendorf","Klein-Altendorf.2014"
"Sweet Cherry","Schneiders",110,2015,"Validation","scarce","Klein-Altendorf","Klein-Altendorf.2015"
"Sweet Cherry","Schneiders",119,2016,"Validation","scarce","Klein-Altendorf","Klein-Altendorf.2016"
"Sweet Cherry","Schneiders",102,2017,"Validation","scarce","Klein-Altendorf","Klein-Altendorf.2017"
"Sweet Cherry","Schneiders",108,2018,"Validation","scarce","Klein-Altendorf","Klein-Altendorf.2018"
"Sweet Cherry","Schneiders",103,2019,"Validation","scarce","Klein-Altendorf","Klein-Altendorf.2019"
